sample_id,group,n_valid_HELP_ratios,sample_mR,ref_mR,factor_sample_over_ref,scale_applied_ref_over_sample,log2_factor
k_26_9_2_2,S,97,0.0212037229820882,0.0193702970409322,1.0946514107285867,0.9135328289892872,0.130471519982031
k_26_9_2_3,HC,97,0.0189835550739672,0.0193702970409322,0.9800342779386522,1.02037247319894,-0.029095884692923155
k_26_9_2_7,HC,96,0.01943574666970185,0.0193702970409322,1.0033788655192712,0.9966325127672262,0.004866455601080686
k_26_9_2_8,HC,97,0.0173693369263633,0.0193702970409322,0.8966995647851664,1.1152007196965492,-0.15730339736480167
k_26_9_2_9,S,97,0.0126746191618582,0.0193702970409322,0.654332720612127,1.5282744825361965,-0.6119036788649984
k_26_9_2_11,S,97,0.0170292202023779,0.0193702970409322,0.8791408911485833,1.1374741069017007,-0.18583370463468796
k_26_9_2_13,HC,97,0.0240232581804182,0.0193702970409322,1.2402111402656153,0.8063143182102288,0.3105857537438833
k_26_9_2_14,S,97,0.0126665714523726,0.0193702970409322,0.6539172541136735,1.5292454721284434,-0.6128200044735659
k_26_9_2_16,S,97,0.0184691436784731,0.0193702970409322,0.9534775661645852,1.0487923738180371,-0.06872910030722185
k_26_9_2_18,HC,97,0.0166949449537746,0.0193702970409322,0.8618837862163807,1.160249230804006,-0.21443474106284385
k_26_9_2_21,HC,97,0.0190356314713095,0.0193702970409322,0.9827227445755992,1.0175810069724827,-0.025143648256202356
k_26_9_2_22,S,97,0.0173129017625771,0.0193702970409322,0.8937860749369237,1.118835958672294,-0.16199852696797717
k_26_9_2_23,HC,97,0.0210792434343376,0.0193702970409322,1.0882250999968743,0.9189275270372576,0.12197700976789207
k_26_9_2_24,pooled QC,97,0.0177226124943618,0.0193702970409322,0.9149375694606744,1.0929707483642486,-0.1282547900724384
k_26_9_2_26,S,97,0.0188511862289407,0.0193702970409322,0.9732006788076328,1.027537302198763,-0.039190768330642
k_26_9_2_30,pooled QC,97,0.0196096601924988,0.0193702970409322,1.0123572266889242,0.9877936104339962,0.017718458247337584
k_26_9_2_31,S,97,0.0175820730955907,0.0193702970409322,0.907682161942962,1.1017072296093433,-0.13974088951008198
k_26_9_2_32,pooled QC,96,0.018030927335274047,0.0193702970409322,0.9308544570675465,1.0742817981989166,-0.10337248078877898
k_26_9_2_33,HC,97,0.0169127747045064,0.0193702970409322,0.8731293417322045,1.145305686344358,-0.19573271038679743
k_26_9_2_34,HC,97,0.0272433278742381,0.0193702970409322,1.4064486371411373,0.7110106786641579,0.4920568670537384
k_26_9_2_35,S,97,0.0190786456134036,0.0193702970409322,0.9849433683483377,1.0152867993587398,-0.021887319101897992
k_26_9_2_36,S,97,0.0106891000626204,0.0193702970409322,0.5518294345219801,1.8121541502516005,-0.8577056829472979
k_26_9_2_37,HC,97,0.0201244336728296,0.0193702970409322,1.038932631249991,0.9625263178006556,0.05510210687670838
k_26_9_2_38,pooled QC,97,0.018435140295618,0.0193702970409322,0.9517221267522084,1.050726858072053,-0.07138768193614048
k_26_9_2_39,pooled QC,97,0.0204432189560471,0.0193702970409322,1.0553900599896668,0.9475169777606118,0.07777630093176222
k_26_9_2_43,HC,97,0.0256074821792618,0.0193702970409322,1.3219973924586463,0.7564311440434867,0.4027193312399391
k_26_9_2_44,pooled QC,97,0.0212319525460199,0.0193702970409322,1.0961087742306561,0.9123182146789094,0.1323909737148402
k_26_9_2_46,HC,97,0.0186836466344774,0.0193702970409322,0.9645513744573039,1.0367514126063435,-0.052070012962493376
k_26_9_2_47,S,97,0.014999307145077,0.0193702970409322,0.7743457476868488,1.2914127868426126,-0.36895021702297137
k_26_9_2_48,HC,97,0.0162882823129569,0.0193702970409322,0.8408896507130189,1.189216681584874,-0.2500116057202673
k_26_9_2_49,S,97,0.0143973754132845,0.0193702970409322,0.7432707605289064,1.3454047341892028,-0.4280402398236541
k_26_9_2_51,pooled QC,97,0.0209293343041331,0.0193702970409322,1.080485976023312,0.92550946721258,0.11168034711373533
k_26_9_2_52,pooled QC,97,0.0195347011528646,0.0193702970409322,1.0084874337024874,0.9915839965686759,0.012193107304316221
k_26_9_2_54,S,97,0.0140326197309635,0.0193702970409322,0.7244400899640606,1.3803763953063528,-0.4650617087428956
k_26_9_2_55,S,97,0.0163369732909676,0.0193702970409322,0.8434033436062051,1.1856723210560471,-0.24570535380798608
k_26_9_2_57,HC,97,0.0155790343649027,0.0193702970409322,0.8042744172679427,1.243356718216802,-0.3142402640259631
k_26_9_2_58,pooled QC,97,0.0187363125364333,0.0193702970409322,0.9672702745260332,1.0338372080027007,-0.048009031206862784
k_26_9_2_59,HC,97,0.0205391768304924,0.0193702970409322,1.060343926945993,0.943090231940314,0.08453228480867801
k_26_9_2_60,S,97,0.01466410246127,0.0193702970409322,0.7570406602584699,1.3209330125789789,-0.40155730619825875
k_26_9_2_61,HC,97,0.0212748177957867,0.0193702970409322,1.0983217113723127,0.9104800439122128,0.13530069862363692
k_26_9_2_62,HC,97,0.0205339839035081,0.0193702970409322,1.0600758398344055,0.9433287340613385,0.08416748161778735
k_26_9_2_63,S,97,0.0177831576476931,0.0193702970409322,0.9180632393047331,1.0892495823678978,-0.12333456010561394
k_26_9_2_66,S,97,0.0211527056953743,0.0193702970409322,1.0920176211379524,0.9157361389076633,0.12699613622409286
k_26_9_2_68,S,97,0.0203942527748006,0.0193702970409322,1.0528621596098726,0.9497919465265423,0.07431657153537174
k_26_9_2_69,pooled QC,97,0.0205356256931941,0.0193702970409322,1.060160597940207,0.9432533164719634,0.08428282733753958
k_26_9_2_74,S,97,0.0207539234396954,0.0193702970409322,1.0714303139409478,0.9333318154139097,0.09953801986870625
k_26_9_2_75,HC,97,0.0248668469686352,0.0193702970409322,1.283761777947339,0.7789607208893089,0.3603775126940219
k_26_9_2_76,HC,97,0.0205216466375959,0.0193702970409322,1.0594389231218673,0.9438958472974378,0.0833004184329903
k_26_9_2_77,S,97,0.0169004123607513,0.0193702970409322,0.8724911303651317,1.1461434565890736,-0.19678762974648328
k_26_9_2_78,HC,97,0.0172294385593794,0.0193702970409322,0.8894772508119592,1.1242558470013146,-0.16897038715824328
k_26_9_2_82,S,97,0.0157789605140292,0.0193702970409322,0.8145956915728244,1.2276028591179955,-0.29584391099405555
k_26_9_2_83,S,97,0.0108050512965989,0.0193702970409322,0.557815467350154,1.7927075503130077,-0.8421401562902578
k_26_9_2_84,pooled QC,97,0.0192090071047896,0.0193702970409322,0.9916733369755885,1.0083965785041737,-0.012063128244200381
k_26_9_2_85,S,97,0.0142025475300963,0.0193702970409322,0.7332126864179879,1.3638607439887132,-0.4476963465518767
k_26_9_2_86,HC,97,0.0194225938067919,0.0193702970409322,1.002699843257395,0.997307426269636,0.0038898019104871783
k_26_9_2_87,S,97,0.0141433848459885,0.0193702970409322,0.7301583871481945,1.3695658607795158,-0.4537186451855568
k_26_9_2_88,pooled QC,97,0.0174766299667504,0.0193702970409322,0.9022386146077052,1.1083542466587972,-0.14841906208781358
k_26_9_2_90,HC,97,0.0217981439921842,0.0193702970409322,1.1253386536159777,0.8886213912467725,0.1703592239938856
k_26_9_2_91,HC,97,0.0194300622861223,0.0193702970409322,1.0030854067474446,0.9969240837054452,0.004444448069035137
k_26_9_2_92,S,97,0.0179238485128481,0.0193702970409322,0.9253264663403175,1.080699662633684,-0.1119656392317082
k_26_9_2_93,pooled QC,97,0.020128893167809,0.0193702970409322,1.0391628546156921,0.9623130730262914,0.05542176698050231
k_26_9_2_94,HC,97,0.0192542492681868,0.0193702970409322,0.9940089833160445,1.006027125292137,-0.008669204742713996
k_26_9_2_95,HC,97,0.017487191592488,0.0193702970409322,0.9027838631248178,1.1076848411298432,-0.14754746368356017
k_26_9_2_96,HC,97,0.0143627045867819,0.0193702970409322,0.741480864048262,1.3486524716771535,-0.43151863443795385
k_26_9_2_97,S,97,0.0162424855388765,0.0193702970409322,0.8385253723550966,1.192569757539218,-0.25407365693307543
k_26_9_2_98,S,97,0.0190685878221316,0.0193702970409322,0.9844241305043983,1.0158223158219628,-0.02264807287719663
k_26_9_2_99,pooled QC,97,0.0193702970409322,0.0193702970409322,1.0,1.0,0.0
k_26_9_2_100,pooled QC,97,0.0193233502389003,0.0193702970409322,0.9975763509494616,1.0024295373965428,-0.0035008305741737952
k_26_9_2_102,HC,97,0.0147197836538802,0.0193702970409322,0.7599152260171952,1.315936259418195,-0.3960896103130116
LM_1,Internal-QC,79,0.000499971504250216,0.0193702970409322,0.025811246115312787,38.7428020922531,-5.275856396231831
LM_2_1,Internal-QC,91,0.000520225610321198,0.0193702970409322,0.026856873140452472,37.2344164851334,-5.218564843585665
LM_2_2,Internal-QC,91,0.000520225610321198,0.0193702970409322,0.026856873140452472,37.2344164851334,-5.218564843585665
LM_3_2,Internal-QC,92,0.000539380908048133,0.0193702970409322,0.02784577370746273,35.91209245990524,-5.166397810646281
LM_3_3,Internal-QC,92,0.000539380908048133,0.0193702970409322,0.02784577370746273,35.91209245990524,-5.166397810646281
LM_4,Internal-QC,90,0.000600718421225476,0.0193702970409322,0.031012349472807378,32.245218985321706,-5.011013362167662
