sample_id,group,stage,PC1,PC2,PC1_explained_pct,PC2_explained_pct
k_26_9_2_2,S,Before,18.465585038239187,41.713823527258974,22.331100706385637,16.00429884932514
k_26_9_2_3,HC,Before,-23.47389421909995,-19.273056438359813,22.331100706385637,16.00429884932514
k_26_9_2_7,HC,Before,8.51669825205223,7.805271167721252,22.331100706385637,16.00429884932514
k_26_9_2_8,HC,Before,-21.64435759949151,-18.7987216916829,22.331100706385637,16.00429884932514
k_26_9_2_9,S,Before,-21.091178644601445,6.492948340424309,22.331100706385637,16.00429884932514
k_26_9_2_11,S,Before,7.5183318789158315,14.001948163495175,22.331100706385637,16.00429884932514
k_26_9_2_13,HC,Before,-24.042054757677302,-21.623720547584877,22.331100706385637,16.00429884932514
k_26_9_2_14,S,Before,25.040737224961997,24.295391250096568,22.331100706385637,16.00429884932514
k_26_9_2_16,S,Before,-18.91242689487528,4.208354513297704,22.331100706385637,16.00429884932514
k_26_9_2_18,HC,Before,-14.515032870933787,-17.801730180870003,22.331100706385637,16.00429884932514
k_26_9_2_21,HC,Before,-23.988537177874644,-21.72547577837912,22.331100706385637,16.00429884932514
k_26_9_2_22,S,Before,-11.279252507989764,7.527121807087523,22.331100706385637,16.00429884932514
k_26_9_2_23,HC,Before,-21.301577894483604,-18.238198339154152,22.331100706385637,16.00429884932514
k_26_9_2_24,pooled QC,Before,-1.9486086013666264,4.698972663915351,22.331100706385637,16.00429884932514
k_26_9_2_26,S,Before,13.391183944731456,19.767234085573406,22.331100706385637,16.00429884932514
k_26_9_2_30,pooled QC,Before,0.23572007145900567,7.199792894081693,22.331100706385637,16.00429884932514
k_26_9_2_31,S,Before,12.067099109298914,19.771498172699474,22.331100706385637,16.00429884932514
k_26_9_2_32,pooled QC,Before,-3.948251422290342,5.87393534539136,22.331100706385637,16.00429884932514
k_26_9_2_33,HC,Before,-23.1143821382129,-24.312194554738042,22.331100706385637,16.00429884932514
k_26_9_2_34,HC,Before,7.192569295049782,8.118866183242345,22.331100706385637,16.00429884932514
k_26_9_2_35,S,Before,-1.4580541715281459,5.52373845830257,22.331100706385637,16.00429884932514
k_26_9_2_36,S,Before,-17.738035024511355,16.076063856874292,22.331100706385637,16.00429884932514
k_26_9_2_37,HC,Before,-12.36076921698502,-9.678726889055564,22.331100706385637,16.00429884932514
k_26_9_2_38,pooled QC,Before,-2.478087023433912,8.311172380458391,22.331100706385637,16.00429884932514
k_26_9_2_39,pooled QC,Before,-0.1055864319181328,8.669023494164515,22.331100706385637,16.00429884932514
k_26_9_2_43,HC,Before,-6.46886683853105,-8.299195527115868,22.331100706385637,16.00429884932514
k_26_9_2_44,pooled QC,Before,-0.984885469349267,9.45444381558211,22.331100706385637,16.00429884932514
k_26_9_2_46,HC,Before,-14.428246779457266,-17.5549355359121,22.331100706385637,16.00429884932514
k_26_9_2_47,S,Before,-12.140948938986849,7.287112630938061,22.331100706385637,16.00429884932514
k_26_9_2_48,HC,Before,-23.2767190868164,-18.082546433351872,22.331100706385637,16.00429884932514
k_26_9_2_49,S,Before,-16.6051156162256,17.854355961667476,22.331100706385637,16.00429884932514
k_26_9_2_51,pooled QC,Before,-0.7175603929728517,8.296666712076458,22.331100706385637,16.00429884932514
k_26_9_2_52,pooled QC,Before,-0.4900014361899626,7.464690702626881,22.331100706385637,16.00429884932514
k_26_9_2_54,S,Before,-20.048413580193433,6.016595215862458,22.331100706385637,16.00429884932514
k_26_9_2_55,S,Before,24.89626056979046,24.069543746093718,22.331100706385637,16.00429884932514
k_26_9_2_57,HC,Before,-24.63901140614517,-19.20518264497773,22.331100706385637,16.00429884932514
k_26_9_2_58,pooled QC,Before,-1.6590509134261953,9.288698472372271,22.331100706385637,16.00429884932514
k_26_9_2_59,HC,Before,-27.711666009443917,-21.89870760106782,22.331100706385637,16.00429884932514
k_26_9_2_60,S,Before,13.686125605293274,19.4233301876208,22.331100706385637,16.00429884932514
k_26_9_2_61,HC,Before,8.710028091081336,8.056838576074142,22.331100706385637,16.00429884932514
k_26_9_2_62,HC,Before,-21.11162948971498,-20.099453260468163,22.331100706385637,16.00429884932514
k_26_9_2_63,S,Before,18.653420862296098,38.78869365649663,22.331100706385637,16.00429884932514
k_26_9_2_66,S,Before,14.593317843489046,20.48662782596712,22.331100706385637,16.00429884932514
k_26_9_2_68,S,Before,-1.2828566387370366,6.944401008669168,22.331100706385637,16.00429884932514
k_26_9_2_69,pooled QC,Before,1.0139869739907783,6.165608117626027,22.331100706385637,16.00429884932514
k_26_9_2_74,S,Before,7.652688509832202,15.307321967961826,22.331100706385637,16.00429884932514
k_26_9_2_75,HC,Before,8.105030604117479,7.033244167226251,22.331100706385637,16.00429884932514
k_26_9_2_76,HC,Before,-14.696337752194744,-18.671948896932566,22.331100706385637,16.00429884932514
k_26_9_2_77,S,Before,-13.06225660867328,3.7351291476068726,22.331100706385637,16.00429884932514
k_26_9_2_78,HC,Before,-18.278694424734976,-25.095478997275627,22.331100706385637,16.00429884932514
k_26_9_2_82,S,Before,18.814304011481212,28.52559651774671,22.331100706385637,16.00429884932514
k_26_9_2_83,S,Before,-14.622042750666534,18.600326385101663,22.331100706385637,16.00429884932514
k_26_9_2_84,pooled QC,Before,-0.7762768041587054,10.2988809314247,22.331100706385637,16.00429884932514
k_26_9_2_85,S,Before,13.160605421949496,20.240940389082088,22.331100706385637,16.00429884932514
k_26_9_2_86,HC,Before,7.641131161730638,8.526432510790604,22.331100706385637,16.00429884932514
k_26_9_2_87,S,Before,-8.365210062189103,8.567247272147117,22.331100706385637,16.00429884932514
k_26_9_2_88,pooled QC,Before,-3.4133965599494087,7.12890743756665,22.331100706385637,16.00429884932514
k_26_9_2_90,HC,Before,23.133856423515127,23.42504086294046,22.331100706385637,16.00429884932514
k_26_9_2_91,HC,Before,-16.833913568068326,-17.228136467262626,22.331100706385637,16.00429884932514
k_26_9_2_92,S,Before,-1.9021199345718136,7.366917137553267,22.331100706385637,16.00429884932514
k_26_9_2_93,pooled QC,Before,0.3656672745071761,8.380735321231917,22.331100706385637,16.00429884932514
k_26_9_2_94,HC,Before,-25.47405556883661,-20.3338778413118,22.331100706385637,16.00429884932514
k_26_9_2_95,HC,Before,-13.886965628361253,-17.20200101752141,22.331100706385637,16.00429884932514
k_26_9_2_96,HC,Before,-19.267315480661612,-16.953357481145964,22.331100706385637,16.00429884932514
k_26_9_2_97,S,Before,-17.540642742639992,8.061051941424562,22.331100706385637,16.00429884932514
k_26_9_2_98,S,Before,10.156630010052737,20.0918903603641,22.331100706385637,16.00429884932514
k_26_9_2_99,pooled QC,Before,-0.22868677453372976,9.73242717798242,22.331100706385637,16.00429884932514
k_26_9_2_100,pooled QC,Before,0.7215691926639239,7.7304131940094365,22.331100706385637,16.00429884932514
k_26_9_2_102,HC,Before,-21.685393824292774,-23.795951585691807,22.331100706385637,16.00429884932514
LM_1,Internal-QC,Before,102.3686286473074,-29.82839447290618,22.331100706385637,16.00429884932514
LM_2_1,Internal-QC,Before,54.472465125024094,-44.27126517440763,22.331100706385637,16.00429884932514
LM_2_2,Internal-QC,Before,54.47246512502411,-44.271265174407624,22.331100706385637,16.00429884932514
LM_3_2,Internal-QC,Before,46.30426623458091,-35.51595062904647,22.331100706385637,16.00429884932514
LM_3_3,Internal-QC,Before,46.30426623458094,-35.51595062904644,22.331100706385637,16.00429884932514
LM_4,Internal-QC,Before,37.34372894098025,-27.12984186624458,22.331100706385637,16.00429884932514
k_26_9_2_2,S,After,-25.97416306486572,23.264022262702817,47.800977035935425,11.278762661192406
k_26_9_2_3,HC,After,-21.73378355120348,-18.61444644762134,47.800977035935425,11.278762661192406
k_26_9_2_7,HC,After,-14.199240565610209,3.7383559633636967,47.800977035935425,11.278762661192406
k_26_9_2_8,HC,After,-15.188211894837718,-15.205966298152097,47.800977035935425,11.278762661192406
k_26_9_2_9,S,After,-6.797928074324355,0.8807737835363872,47.800977035935425,11.278762661192406
k_26_9_2_11,S,After,-7.096021238544696,8.970360905243268,47.800977035935425,11.278762661192406
k_26_9_2_13,HC,After,-33.836009867884066,-22.274647726028405,47.800977035935425,11.278762661192406
k_26_9_2_14,S,After,12.07364433616534,28.19983540500415,47.800977035935425,11.278762661192406
k_26_9_2_16,S,After,-24.238762532693062,-2.548740117681332,47.800977035935425,11.278762661192406
k_26_9_2_18,HC,After,-9.837166342180497,-11.699198200162954,47.800977035935425,11.278762661192406
k_26_9_2_21,HC,After,-21.84747519971536,-20.133249171617063,47.800977035935425,11.278762661192406
k_26_9_2_22,S,After,-16.89379021133398,-0.1005151470433645,47.800977035935425,11.278762661192406
k_26_9_2_23,HC,After,-25.791556678250803,-17.048537844606148,47.800977035935425,11.278762661192406
k_26_9_2_24,pooled QC,After,-10.981643521459311,1.528797227472092,47.800977035935425,11.278762661192406
k_26_9_2_26,S,After,-11.771774210293984,11.726830708447677,47.800977035935425,11.278762661192406
k_26_9_2_30,pooled QC,After,-15.934584334021004,1.5254798258713838,47.800977035935425,11.278762661192406
k_26_9_2_31,S,After,-7.558785359786046,13.309819623199077,47.800977035935425,11.278762661192406
k_26_9_2_32,pooled QC,After,-13.853081738485256,0.7296749994180531,47.800977035935425,11.278762661192406
k_26_9_2_33,HC,After,-13.717027214106121,-17.257215864524763,47.800977035935425,11.278762661192406
k_26_9_2_34,HC,After,-32.305321681184,-1.2426708611435338,47.800977035935425,11.278762661192406
k_26_9_2_35,S,After,-16.24305246251436,3.584139365144217,47.800977035935425,11.278762661192406
k_26_9_2_36,S,After,-0.17837211404416778,9.11960568221153,47.800977035935425,11.278762661192406
k_26_9_2_37,HC,After,-21.02613439190063,-11.87021019464554,47.800977035935425,11.278762661192406
k_26_9_2_38,pooled QC,After,-15.159909732098269,1.9298965137911892,47.800977035935425,11.278762661192406
k_26_9_2_39,pooled QC,After,-19.155377753973863,1.4011895447898706,47.800977035935425,11.278762661192406
k_26_9_2_43,HC,After,-30.508828980028383,-12.025462662677159,47.800977035935425,11.278762661192406
k_26_9_2_44,pooled QC,After,-22.336213693833102,0.5003191471247215,47.800977035935425,11.278762661192406
k_26_9_2_46,HC,After,-15.81388174954132,-13.278536386257494,47.800977035935425,11.278762661192406
k_26_9_2_47,S,After,-10.17765580890304,1.5372428206544135,47.800977035935425,11.278762661192406
k_26_9_2_48,HC,After,-14.139860758082051,-15.98603263552339,47.800977035935425,11.278762661192406
k_26_9_2_49,S,After,-16.392645199279528,6.167795648037796,47.800977035935425,11.278762661192406
k_26_9_2_51,pooled QC,After,-20.55173490827009,0.36430020325504947,47.800977035935425,11.278762661192406
k_26_9_2_52,pooled QC,After,-16.309786396713424,1.3221600607146782,47.800977035935425,11.278762661192406
k_26_9_2_54,S,After,-10.55331102937854,-0.8134428418574923,47.800977035935425,11.278762661192406
k_26_9_2_55,S,After,-0.9215525266972324,24.61590281905843,47.800977035935425,11.278762661192406
k_26_9_2_57,HC,After,-12.79632685574778,-16.456397529250147,47.800977035935425,11.278762661192406
k_26_9_2_58,pooled QC,After,-15.91193884402986,2.14319999342832,47.800977035935425,11.278762661192406
k_26_9_2_59,HC,After,-27.748091322778233,-22.279251736994144,47.800977035935425,11.278762661192406
k_26_9_2_60,S,After,3.4750933471473333,16.648741306943446,47.800977035935425,11.278762661192406
k_26_9_2_61,HC,After,-19.100010446113874,2.5425810032214438,47.800977035935425,11.278762661192406
k_26_9_2_62,HC,After,-23.318865899284475,-17.371845844808245,47.800977035935425,11.278762661192406
k_26_9_2_63,S,After,-14.632625095190358,24.073310254111806,47.800977035935425,11.278762661192406
k_26_9_2_66,S,After,-17.37241548905778,10.653895259973405,47.800977035935425,11.278762661192406
k_26_9_2_68,S,After,-20.421134973289266,3.2401024545621095,47.800977035935425,11.278762661192406
k_26_9_2_69,pooled QC,After,-17.64863942051859,0.9276260352697961,47.800977035935425,11.278762661192406
k_26_9_2_74,S,After,-18.71018622671578,6.575435382541124,47.800977035935425,11.278762661192406
k_26_9_2_75,HC,After,-26.008343354544753,-0.2851241871074249,47.800977035935425,11.278762661192406
k_26_9_2_76,HC,After,-19.70511048098565,-14.069854464283011,47.800977035935425,11.278762661192406
k_26_9_2_77,S,After,-15.111315850824479,1.0325959121247108,47.800977035935425,11.278762661192406
k_26_9_2_78,HC,After,-11.03230920417344,-15.380035082412531,47.800977035935425,11.278762661192406
k_26_9_2_82,S,After,-1.7703511380069281,21.422445214193846,47.800977035935425,11.278762661192406
k_26_9_2_83,S,After,0.11935316149794589,11.819984448129985,47.800977035935425,11.278762661192406
k_26_9_2_84,pooled QC,After,-17.437188904610366,2.8458601686130267,47.800977035935425,11.278762661192406
k_26_9_2_85,S,After,2.5266891116877255,16.802066811199346,47.800977035935425,11.278762661192406
k_26_9_2_86,HC,After,-14.827274760851314,3.937544452136564,47.800977035935425,11.278762661192406
k_26_9_2_87,S,After,-4.758274259350583,4.566791350279395,47.800977035935425,11.278762661192406
k_26_9_2_88,pooled QC,After,-12.618051631156929,1.846567593766317,47.800977035935425,11.278762661192406
k_26_9_2_90,HC,After,-18.799655915413293,16.105070758771856,47.800977035935425,11.278762661192406
k_26_9_2_91,HC,After,-19.04622027188615,-13.358482891500735,47.800977035935425,11.278762661192406
k_26_9_2_92,S,After,-14.374360530778157,4.9860350930707185,47.800977035935425,11.278762661192406
k_26_9_2_93,pooled QC,After,-17.964758279061645,1.9784604733187952,47.800977035935425,11.278762661192406
k_26_9_2_94,HC,After,-23.638738128698076,-19.932118987796997,47.800977035935425,11.278762661192406
k_26_9_2_95,HC,After,-11.814776119551558,-11.99971256448853,47.800977035935425,11.278762661192406
k_26_9_2_96,HC,After,-4.132988993092664,-10.865684187331858,47.800977035935425,11.278762661192406
k_26_9_2_97,S,After,-18.540771650601613,0.8650979331828351,47.800977035935425,11.278762661192406
k_26_9_2_98,S,After,-14.465490645567629,10.784722160384913,47.800977035935425,11.278762661192406
k_26_9_2_99,pooled QC,After,-17.136304105137093,2.7209141741317118,47.800977035935425,11.278762661192406
k_26_9_2_100,pooled QC,After,-15.32334803090614,2.632691574518459,47.800977035935425,11.278762661192406
k_26_9_2_102,HC,After,-5.483152988703498,-14.440857466567628,47.800977035935425,11.278762661192406
LM_1,Internal-QC,After,144.0671052282274,176.31867769715947,47.800977035935425,11.278762661192406
LM_2_1,Internal-QC,After,203.61341855516835,-50.05284790296892,47.800977035935425,11.278762661192406
LM_2_2,Internal-QC,After,203.61341855516835,-50.05284790296892,47.800977035935425,11.278762661192406
LM_3_2,Internal-QC,After,165.21331262321684,-20.203592426573675,47.800977035935425,11.278762661192406
LM_3_3,Internal-QC,After,165.21331262321698,-20.203592426573724,47.800977035935425,11.278762661192406
LM_4,Internal-QC,After,150.7583170611694,-14.835802012905186,47.800977035935425,11.278762661192406
