sample_id,group,stage,median_log2_protein_intensity
k_26_9_2_2,S,Before,14.03278617545608
k_26_9_2_3,HC,Before,13.88424680927167
k_26_9_2_7,HC,Before,14.16609224789376
k_26_9_2_8,HC,Before,13.955299551250938
k_26_9_2_9,S,Before,13.812086943257354
k_26_9_2_11,S,Before,13.973652527995426
k_26_9_2_13,HC,Before,13.882432622182318
k_26_9_2_14,S,Before,14.518025986703368
k_26_9_2_16,S,Before,13.85702847093018
k_26_9_2_18,HC,Before,14.058004410266431
k_26_9_2_21,HC,Before,13.854707466729641
k_26_9_2_22,S,Before,13.89534806841992
k_26_9_2_23,HC,Before,13.913286739933003
k_26_9_2_24,pooled QC,Before,13.994821883084434
k_26_9_2_26,S,Before,14.099820247210499
k_26_9_2_30,pooled QC,Before,13.982824229927179
k_26_9_2_31,S,Before,14.075947046876605
k_26_9_2_32,pooled QC,Before,13.952171227957042
k_26_9_2_33,HC,Before,13.907285028609833
k_26_9_2_34,HC,Before,14.04627139843346
k_26_9_2_35,S,Before,13.98895977464376
k_26_9_2_36,S,Before,13.74678721493616
k_26_9_2_37,HC,Before,13.960490714295949
k_26_9_2_38,pooled QC,Before,13.93967103261486
k_26_9_2_39,pooled QC,Before,13.966036734205552
k_26_9_2_43,HC,Before,14.090848467671826
k_26_9_2_44,pooled QC,Before,13.958063276060294
k_26_9_2_46,HC,Before,14.024568324725834
k_26_9_2_47,S,Before,13.892969642457283
k_26_9_2_48,HC,Before,13.899649586601997
k_26_9_2_49,S,Before,13.737727949780567
k_26_9_2_51,pooled QC,Before,13.966361247293607
k_26_9_2_52,pooled QC,Before,13.978174174468169
k_26_9_2_54,S,Before,13.82709455840353
k_26_9_2_55,S,Before,14.489847960439297
k_26_9_2_57,HC,Before,13.816413710139223
k_26_9_2_58,pooled QC,Before,13.938982252882397
k_26_9_2_59,HC,Before,13.860009723274835
k_26_9_2_60,S,Before,14.084301827902914
k_26_9_2_61,HC,Before,14.151321705361074
k_26_9_2_62,HC,Before,13.946714413954634
k_26_9_2_63,S,Before,14.05179521318102
k_26_9_2_66,S,Before,14.147960106604954
k_26_9_2_68,S,Before,13.984818954026425
k_26_9_2_69,pooled QC,Before,14.060603058582116
k_26_9_2_74,S,Before,13.983349927676457
k_26_9_2_75,HC,Before,14.080942409239299
k_26_9_2_76,HC,Before,14.050248297524123
k_26_9_2_77,S,Before,13.937493365440098
k_26_9_2_78,HC,Before,14.019364855239562
k_26_9_2_82,S,Before,14.15633171225658
k_26_9_2_83,S,Before,13.76711319932501
k_26_9_2_84,pooled QC,Before,13.949124520701865
k_26_9_2_85,S,Before,14.137599580679952
k_26_9_2_86,HC,Before,14.101609354542049
k_26_9_2_87,S,Before,13.965130410911472
k_26_9_2_88,pooled QC,Before,13.95482740185991
k_26_9_2_90,HC,Before,14.254548870715094
k_26_9_2_91,HC,Before,14.005966552817656
k_26_9_2_92,S,Before,13.974607159753392
k_26_9_2_93,pooled QC,Before,13.995090811014975
k_26_9_2_94,HC,Before,13.89827071615329
k_26_9_2_95,HC,Before,14.02817371326521
k_26_9_2_96,HC,Before,13.964083605524472
k_26_9_2_97,S,Before,13.8342386482579
k_26_9_2_98,S,Before,14.034575458187996
k_26_9_2_99,pooled QC,Before,13.969791207301771
k_26_9_2_100,pooled QC,Before,14.001500557168855
k_26_9_2_102,HC,Before,13.930972900193712
LM_1,Internal-QC,Before,21.861684944101462
LM_2_1,Internal-QC,Before,18.65785568105069
LM_2_2,Internal-QC,Before,18.65785568105069
LM_3_2,Internal-QC,Before,18.58873659201585
LM_3_3,Internal-QC,Before,18.58873659201585
LM_4,Internal-QC,Before,17.78924940147684
k_26_9_2_2,S,After,13.902314655474049
k_26_9_2_3,HC,After,13.91334269396459
k_26_9_2_7,HC,After,14.16122579229268
k_26_9_2_8,HC,After,14.11260294861574
k_26_9_2_9,S,After,14.423990622122353
k_26_9_2_11,S,After,14.159486232630115
k_26_9_2_13,HC,After,13.571846868438433
k_26_9_2_14,S,After,15.130845991176933
k_26_9_2_16,S,After,13.925757571237401
k_26_9_2_18,HC,After,14.272439151329277
k_26_9_2_21,HC,After,13.879851114985843
k_26_9_2_22,S,After,14.057346595387898
k_26_9_2_23,HC,After,13.79130973016511
k_26_9_2_24,pooled QC,After,14.123076673156872
k_26_9_2_26,S,After,14.13901101554114
k_26_9_2_30,pooled QC,After,13.96510577167984
k_26_9_2_31,S,After,14.215687936386686
k_26_9_2_32,pooled QC,After,14.055543708745821
k_26_9_2_33,HC,After,14.103017738996629
k_26_9_2_34,HC,After,13.55421453137972
k_26_9_2_35,S,After,14.010847093745658
k_26_9_2_36,S,After,14.604492897883459
k_26_9_2_37,HC,After,13.90538860741924
k_26_9_2_38,pooled QC,After,14.011058714551
k_26_9_2_39,pooled QC,After,13.88826043327379
k_26_9_2_43,HC,After,13.68812913643189
k_26_9_2_44,pooled QC,After,13.825672302345454
k_26_9_2_46,HC,After,14.076638337688328
k_26_9_2_47,S,After,14.261919859480255
k_26_9_2_48,HC,After,14.149661192322265
k_26_9_2_49,S,After,14.16576818960422
k_26_9_2_51,pooled QC,After,13.854680900179872
k_26_9_2_52,pooled QC,After,13.965981067163852
k_26_9_2_54,S,After,14.292156267146424
k_26_9_2_55,S,After,14.735553314247284
k_26_9_2_57,HC,After,14.130653974165186
k_26_9_2_58,pooled QC,After,13.98699128408926
k_26_9_2_59,HC,After,13.775477438466158
k_26_9_2_60,S,After,14.485859134101174
k_26_9_2_61,HC,After,14.016021006737438
k_26_9_2_62,HC,After,13.862546932336846
k_26_9_2_63,S,After,14.175129773286633
k_26_9_2_66,S,After,14.020963970380862
k_26_9_2_68,S,After,13.910502382491053
k_26_9_2_69,pooled QC,After,13.976320231244577
k_26_9_2_74,S,After,13.883811907807752
k_26_9_2_75,HC,After,13.720564896545277
k_26_9_2_76,HC,After,13.966947879091132
k_26_9_2_77,S,After,14.13428099518658
k_26_9_2_78,HC,After,14.188335242397805
k_26_9_2_82,S,After,14.452175623250636
k_26_9_2_83,S,After,14.609253355615268
k_26_9_2_84,pooled QC,After,13.961187648946064
k_26_9_2_85,S,After,14.58529592723183
k_26_9_2_86,HC,After,14.097719552631562
k_26_9_2_87,S,After,14.418849056097027
k_26_9_2_88,pooled QC,After,14.103246463947723
k_26_9_2_90,HC,After,14.08418964672121
k_26_9_2_91,HC,After,14.00152210474862
k_26_9_2_92,S,After,14.0865727989851
k_26_9_2_93,pooled QC,After,13.939669044034472
k_26_9_2_94,HC,After,13.906939920896003
k_26_9_2_95,HC,After,14.17572117694877
k_26_9_2_96,HC,After,14.395602239962427
k_26_9_2_97,S,After,14.088312305190975
k_26_9_2_98,S,After,14.057223531065194
k_26_9_2_99,pooled QC,After,13.969791207301771
k_26_9_2_100,pooled QC,After,14.005001387743029
k_26_9_2_102,HC,After,14.327062510506725
LM_1,Internal-QC,After,27.137541340333293
LM_2_1,Internal-QC,After,23.87642052463636
LM_2_2,Internal-QC,After,23.87642052463636
LM_3_2,Internal-QC,After,23.75513440266213
LM_3_3,Internal-QC,After,23.75513440266213
LM_4,Internal-QC,After,22.800262763644504
