view,sample_id,group,stage,PC1,PC2,PC1_variance_pct,PC2_variance_pct
all_groups,LM_1,Internal-QC,Before,102.3686286473075,-29.828394472905906,22.331100706385616,16.004298849325128
all_groups,LM_2_1,Internal-QC,Before,54.472465125024165,-44.27126517440758,22.331100706385616,16.004298849325128
all_groups,LM_2_2,Internal-QC,Before,54.47246512502412,-44.27126517440755,22.331100706385616,16.004298849325128
all_groups,LM_3_2,Internal-QC,Before,46.30426623458104,-35.5159506290465,22.331100706385616,16.004298849325128
all_groups,LM_3_3,Internal-QC,Before,46.30426623458104,-35.51595062904648,22.331100706385616,16.004298849325128
all_groups,LM_4,Internal-QC,Before,37.343728940980334,-27.12984186624455,22.331100706385616,16.004298849325128
all_groups,k_26_9_2_24,pooled QC,Before,-1.94860860136665,4.698972663915357,22.331100706385616,16.004298849325128
all_groups,k_26_9_2_30,pooled QC,Before,0.23572007145897206,7.19979289408171,22.331100706385616,16.004298849325128
all_groups,k_26_9_2_32,pooled QC,Before,-3.9482514222903573,5.873935345391361,22.331100706385616,16.004298849325128
all_groups,k_26_9_2_38,pooled QC,Before,-2.4780870234339463,8.311172380458396,22.331100706385616,16.004298849325128
all_groups,k_26_9_2_39,pooled QC,Before,-0.1055864319181677,8.669023494164527,22.331100706385616,16.004298849325128
all_groups,k_26_9_2_44,pooled QC,Before,-0.9848854693492951,9.454443815582115,22.331100706385616,16.004298849325128
all_groups,k_26_9_2_51,pooled QC,Before,-0.7175603929728785,8.296666712076469,22.331100706385616,16.004298849325128
all_groups,k_26_9_2_52,pooled QC,Before,-0.4900014361899944,7.464690702626894,22.331100706385616,16.004298849325128
all_groups,k_26_9_2_58,pooled QC,Before,-1.6590509134262292,9.288698472372277,22.331100706385616,16.004298849325128
all_groups,k_26_9_2_69,pooled QC,Before,1.013986973990747,6.16560811762604,22.331100706385616,16.004298849325128
all_groups,k_26_9_2_84,pooled QC,Before,-0.776276804158736,10.298880931424709,22.331100706385616,16.004298849325128
all_groups,k_26_9_2_88,pooled QC,Before,-3.4133965599494434,7.128907437566667,22.331100706385616,16.004298849325128
all_groups,k_26_9_2_93,pooled QC,Before,0.3656672745071429,8.380735321231928,22.331100706385616,16.004298849325128
all_groups,k_26_9_2_99,pooled QC,Before,-0.2286867745337602,9.732427177982437,22.331100706385616,16.004298849325128
all_groups,k_26_9_2_100,pooled QC,Before,0.721569192663892,7.730413194009454,22.331100706385616,16.004298849325128
all_groups,k_26_9_2_3,HC,Before,-23.473894219099826,-19.273056438359855,22.331100706385616,16.004298849325128
all_groups,k_26_9_2_7,HC,Before,8.51669825205213,7.805271167721311,22.331100706385616,16.004298849325128
all_groups,k_26_9_2_8,HC,Before,-21.64435759949149,-18.79872169168294,22.331100706385616,16.004298849325128
all_groups,k_26_9_2_13,HC,Before,-24.042054757677235,-21.623720547584927,22.331100706385616,16.004298849325128
all_groups,k_26_9_2_18,HC,Before,-14.515032870933775,-17.801730180870063,22.331100706385616,16.004298849325128
all_groups,k_26_9_2_21,HC,Before,-23.988537177874615,-21.725475778379167,22.331100706385616,16.004298849325128
all_groups,k_26_9_2_23,HC,Before,-21.301577894483582,-18.238198339154227,22.331100706385616,16.004298849325128
all_groups,k_26_9_2_33,HC,Before,-23.114382138212832,-24.312194554738085,22.331100706385616,16.004298849325128
all_groups,k_26_9_2_34,HC,Before,7.192569295049744,8.118866183242371,22.331100706385616,16.004298849325128
all_groups,k_26_9_2_37,HC,Before,-12.36076921698499,-9.678726889055579,22.331100706385616,16.004298849325128
all_groups,k_26_9_2_43,HC,Before,-6.468866838531039,-8.299195527115897,22.331100706385616,16.004298849325128
all_groups,k_26_9_2_46,HC,Before,-14.428246779457234,-17.55493553591214,22.331100706385616,16.004298849325128
all_groups,k_26_9_2_48,HC,Before,-23.2767190868164,-18.082546433351954,22.331100706385616,16.004298849325128
all_groups,k_26_9_2_57,HC,Before,-24.63901140614509,-19.2051826449777,22.331100706385616,16.004298849325128
all_groups,k_26_9_2_59,HC,Before,-27.711666009443842,-21.898707601067876,22.331100706385616,16.004298849325128
all_groups,k_26_9_2_61,HC,Before,8.710028091081288,8.056838576074185,22.331100706385616,16.004298849325128
all_groups,k_26_9_2_62,HC,Before,-21.11162948971493,-20.099453260468174,22.331100706385616,16.004298849325128
all_groups,k_26_9_2_75,HC,Before,8.105030604117436,7.033244167226278,22.331100706385616,16.004298849325128
all_groups,k_26_9_2_76,HC,Before,-14.696337752194728,-18.6719488969326,22.331100706385616,16.004298849325128
all_groups,k_26_9_2_78,HC,Before,-18.278694424734912,-25.095478997275652,22.331100706385616,16.004298849325128
all_groups,k_26_9_2_86,HC,Before,7.641131161730588,8.526432510790649,22.331100706385616,16.004298849325128
all_groups,k_26_9_2_90,HC,Before,23.133856423515017,23.42504086294053,22.331100706385616,16.004298849325128
all_groups,k_26_9_2_91,HC,Before,-16.83391356806827,-17.228136467262647,22.331100706385616,16.004298849325128
all_groups,k_26_9_2_94,HC,Before,-25.474055568836544,-20.3338778413118,22.331100706385616,16.004298849325128
all_groups,k_26_9_2_95,HC,Before,-13.88696562836123,-17.20200101752146,22.331100706385616,16.004298849325128
all_groups,k_26_9_2_96,HC,Before,-19.26731548066154,-16.953357481145947,22.331100706385616,16.004298849325128
all_groups,k_26_9_2_102,HC,Before,-21.685393824292735,-23.795951585691842,22.331100706385616,16.004298849325128
all_groups,k_26_9_2_2,S,Before,18.465585038239116,41.71382352725899,22.331100706385616,16.004298849325128
all_groups,k_26_9_2_9,S,Before,-21.091178644601452,6.492948340424282,22.331100706385616,16.004298849325128
all_groups,k_26_9_2_11,S,Before,7.518331878915778,14.001948163495204,22.331100706385616,16.004298849325128
all_groups,k_26_9_2_14,S,Before,25.040737224961923,24.29539125009658,22.331100706385616,16.004298849325128
all_groups,k_26_9_2_16,S,Before,-18.912426894875242,4.208354513297649,22.331100706385616,16.004298849325128
all_groups,k_26_9_2_22,S,Before,-11.27925250798978,7.527121807087513,22.331100706385616,16.004298849325128
all_groups,k_26_9_2_26,S,Before,13.391183944731381,19.76723408557344,22.331100706385616,16.004298849325128
all_groups,k_26_9_2_31,S,Before,12.067099109298846,19.771498172699488,22.331100706385616,16.004298849325128
all_groups,k_26_9_2_35,S,Before,-1.4580541715281643,5.523738458302576,22.331100706385616,16.004298849325128
all_groups,k_26_9_2_36,S,Before,-17.738035024511436,16.076063856874285,22.331100706385616,16.004298849325128
all_groups,k_26_9_2_47,S,Before,-12.140948938986837,7.287112630938035,22.331100706385616,16.004298849325128
all_groups,k_26_9_2_49,S,Before,-16.605115616225667,17.854355961667462,22.331100706385616,16.004298849325128
all_groups,k_26_9_2_54,S,Before,-20.048413580193376,6.016595215862402,22.331100706385616,16.004298849325128
all_groups,k_26_9_2_55,S,Before,24.896260569790403,24.06954374609374,22.331100706385616,16.004298849325128
all_groups,k_26_9_2_60,S,Before,13.686125605293206,19.423330187620838,22.331100706385616,16.004298849325128
all_groups,k_26_9_2_63,S,Before,18.653420862295995,38.78869365649659,22.331100706385616,16.004298849325128
all_groups,k_26_9_2_66,S,Before,14.593317843488991,20.486627825967176,22.331100706385616,16.004298849325128
all_groups,k_26_9_2_68,S,Before,-1.2828566387370441,6.944401008669177,22.331100706385616,16.004298849325128
all_groups,k_26_9_2_74,S,Before,7.65268850983213,15.307321967961817,22.331100706385616,16.004298849325128
all_groups,k_26_9_2_77,S,Before,-13.062256608673273,3.735129147606842,22.331100706385616,16.004298849325128
all_groups,k_26_9_2_82,S,Before,18.81430401148112,28.525596517746713,22.331100706385616,16.004298849325128
all_groups,k_26_9_2_83,S,Before,-14.62204275066656,18.600326385101656,22.331100706385616,16.004298849325128
all_groups,k_26_9_2_85,S,Before,13.160605421949418,20.24094038908211,22.331100706385616,16.004298849325128
all_groups,k_26_9_2_87,S,Before,-8.36521006218913,8.567247272147103,22.331100706385616,16.004298849325128
all_groups,k_26_9_2_92,S,Before,-1.902119934571846,7.366917137553256,22.331100706385616,16.004298849325128
all_groups,k_26_9_2_97,S,Before,-17.54064274263999,8.061051941424521,22.331100706385616,16.004298849325128
all_groups,k_26_9_2_98,S,Before,10.15663001005268,20.091890360364143,22.331100706385616,16.004298849325128
all_groups,LM_1,Internal-QC,After,44.977831068707914,92.16350401193972,42.101196999470254,11.143696605606932
all_groups,LM_2_1,Internal-QC,After,25.876959436141266,46.75436702604598,42.101196999470254,11.143696605606932
all_groups,LM_2_2,Internal-QC,After,25.876959436141277,46.75436702604602,42.101196999470254,11.143696605606932
all_groups,LM_3_2,Internal-QC,After,16.949814787776464,43.35955191210124,42.101196999470254,11.143696605606932
all_groups,LM_3_3,Internal-QC,After,16.949814787776468,43.35955191210124,42.101196999470254,11.143696605606932
all_groups,LM_4,Internal-QC,After,12.004270800421077,35.161067849695655,42.101196999470254,11.143696605606932
all_groups,k_26_9_2_24,pooled QC,After,-6.271584045914397,-2.6299049169210327,42.101196999470254,11.143696605606932
all_groups,k_26_9_2_30,pooled QC,After,-4.029377542970594,-1.702713298094984,42.101196999470254,11.143696605606932
all_groups,k_26_9_2_32,pooled QC,After,-6.50831298805589,-4.887941159032691,42.101196999470254,11.143696605606932
all_groups,k_26_9_2_38,pooled QC,After,-6.16116269667657,-3.5219717805568873,42.101196999470254,11.143696605606932
all_groups,k_26_9_2_39,pooled QC,After,-4.2921215034493105,-1.9995553754068875,42.101196999470254,11.143696605606932
all_groups,k_26_9_2_44,pooled QC,After,-5.4817265677234,-2.2540139167293063,42.101196999470254,11.143696605606932
all_groups,k_26_9_2_51,pooled QC,After,-3.9759291159356764,-3.0127237598942003,42.101196999470254,11.143696605606932
all_groups,k_26_9_2_52,pooled QC,After,-4.3983878835431565,-2.350405512016599,42.101196999470254,11.143696605606932
all_groups,k_26_9_2_58,pooled QC,After,-5.67076663164451,-2.9442132125703653,42.101196999470254,11.143696605606932
all_groups,k_26_9_2_69,pooled QC,After,-4.337459935527862,-0.539228597813045,42.101196999470254,11.143696605606932
all_groups,k_26_9_2_84,pooled QC,After,-4.003532887824297,-3.0930397566978334,42.101196999470254,11.143696605606932
all_groups,k_26_9_2_88,pooled QC,After,-5.999318380815453,-4.81467811923547,42.101196999470254,11.143696605606932
all_groups,k_26_9_2_93,pooled QC,After,-3.0278588238392743,-2.270637329427785,42.101196999470254,11.143696605606932
all_groups,k_26_9_2_99,pooled QC,After,-3.763566313459684,-2.624419675856786,42.101196999470254,11.143696605606932
all_groups,k_26_9_2_100,pooled QC,After,-3.2419558140212676,-1.724191413366748,42.101196999470254,11.143696605606932
all_groups,k_26_9_2_3,HC,After,-12.836388979742985,-18.801192954949936,42.101196999470254,11.143696605606932
all_groups,k_26_9_2_7,HC,After,-29.317129562168798,10.331770870889983,42.101196999470254,11.143696605606932
all_groups,k_26_9_2_8,HC,After,-19.826276128426688,-15.962609698934799,42.101196999470254,11.143696605606932
all_groups,k_26_9_2_13,HC,After,19.130774988422083,-21.277670381426148,42.101196999470254,11.143696605606932
all_groups,k_26_9_2_18,HC,After,-14.492342053079017,-11.443550681766775,42.101196999470254,11.143696605606932
all_groups,k_26_9_2_21,HC,After,6.180579454265703,-19.250805249755796,42.101196999470254,11.143696605606932
all_groups,k_26_9_2_23,HC,After,-28.430024561708723,-14.930661557663642,42.101196999470254,11.143696605606932
all_groups,k_26_9_2_33,HC,After,-45.82561643268932,-15.362142804281849,42.101196999470254,11.143696605606932
all_groups,k_26_9_2_34,HC,After,-38.16890749485792,8.248198901645665,42.101196999470254,11.143696605606932
all_groups,k_26_9_2_37,HC,After,-109.9224290876203,-1.7436809069331343,42.101196999470254,11.143696605606932
all_groups,k_26_9_2_43,HC,After,-81.68049446042906,1.5528909895874994,42.101196999470254,11.143696605606932
all_groups,k_26_9_2_46,HC,After,-38.44246533958151,-9.525589259120313,42.101196999470254,11.143696605606932
all_groups,k_26_9_2_48,HC,After,-0.18354278176580074,-19.467846598020277,42.101196999470254,11.143696605606932
all_groups,k_26_9_2_57,HC,After,23.28956083458257,-20.9440778077368,42.101196999470254,11.143696605606932
all_groups,k_26_9_2_59,HC,After,6.886019201512288,-23.79984402756152,42.101196999470254,11.143696605606932
all_groups,k_26_9_2_61,HC,After,-54.99238685035522,11.441356033346901,42.101196999470254,11.143696605606932
all_groups,k_26_9_2_62,HC,After,-12.218135434491014,-16.462472854207817,42.101196999470254,11.143696605606932
all_groups,k_26_9_2_75,HC,After,-11.426512928610974,6.492099363118615,42.101196999470254,11.143696605606932
all_groups,k_26_9_2_76,HC,After,11.408807207921848,-12.82110785055538,42.101196999470254,11.143696605606932
all_groups,k_26_9_2_78,HC,After,-16.45582270606117,-14.54164879839306,42.101196999470254,11.143696605606932
all_groups,k_26_9_2_86,HC,After,-68.96640731247047,11.515756055961107,42.101196999470254,11.143696605606932
all_groups,k_26_9_2_90,HC,After,-48.50774350156117,23.357320567781866,42.101196999470254,11.143696605606932
all_groups,k_26_9_2_91,HC,After,6.335918355374829,-14.888449492980715,42.101196999470254,11.143696605606932
all_groups,k_26_9_2_94,HC,After,5.715726221400487,-22.190795894320424,42.101196999470254,11.143696605606932
all_groups,k_26_9_2_95,HC,After,-44.1137275074105,-9.576529670338001,42.101196999470254,11.143696605606932
all_groups,k_26_9_2_96,HC,After,-2.0961844349100156,-16.147381433423423,42.101196999470254,11.143696605606932
all_groups,k_26_9_2_102,HC,After,-41.48332550583456,-15.574444097417976,42.101196999470254,11.143696605606932
all_groups,k_26_9_2_2,S,After,-69.45851660997074,22.398191614252678,42.101196999470254,11.143696605606932
all_groups,k_26_9_2_9,S,After,40.45901222376382,-18.579144786390007,42.101196999470254,11.143696605606932
all_groups,k_26_9_2_11,S,After,72.66945791517433,0.8750140333304295,42.101196999470254,11.143696605606932
all_groups,k_26_9_2_14,S,After,58.43004187149705,20.090575257264156,42.101196999470254,11.143696605606932
all_groups,k_26_9_2_16,S,After,-10.771934009142594,-15.461689437500548,42.101196999470254,11.143696605606932
all_groups,k_26_9_2_22,S,After,-45.14366106117726,-6.121774731824528,42.101196999470254,11.143696605606932
all_groups,k_26_9_2_26,S,After,-6.695439494585814,11.355630091138975,42.101196999470254,11.143696605606932
all_groups,k_26_9_2_31,S,After,13.015270201227677,6.205070870734097,42.101196999470254,11.143696605606932
all_groups,k_26_9_2_35,S,After,42.81816668304512,-5.423298240928869,42.101196999470254,11.143696605606932
all_groups,k_26_9_2_36,S,After,115.57674950768642,-22.460199832865875,42.101196999470254,11.143696605606932
all_groups,k_26_9_2_47,S,After,-26.000201509319837,-7.2811813431618,42.101196999470254,11.143696605606932
all_groups,k_26_9_2_49,S,After,82.5819291176039,-18.452753417311715,42.101196999470254,11.143696605606932
all_groups,k_26_9_2_54,S,After,12.568653639755162,-17.60913261881172,42.101196999470254,11.143696605606932
all_groups,k_26_9_2_55,S,After,12.902930448405444,20.358918568527116,42.101196999470254,11.143696605606932
all_groups,k_26_9_2_60,S,After,58.14710221288883,5.15882813236171,42.101196999470254,11.143696605606932
all_groups,k_26_9_2_63,S,After,-37.11873452277617,19.6748095295879,42.101196999470254,11.143696605606932
all_groups,k_26_9_2_66,S,After,-11.154942295299026,12.508164883202081,42.101196999470254,11.143696605606932
all_groups,k_26_9_2_68,S,After,33.41210442649164,-4.892313578529637,42.101196999470254,11.143696605606932
all_groups,k_26_9_2_74,S,After,45.34555745929647,2.7743150889761776,42.101196999470254,11.143696605606932
all_groups,k_26_9_2_77,S,After,29.903395862048587,-14.13390940829441,42.101196999470254,11.143696605606932
all_groups,k_26_9_2_82,S,After,2.999452927215819,12.91953207779474,42.101196999470254,11.143696605606932
all_groups,k_26_9_2_83,S,After,115.22980073639809,-19.796424668412392,42.101196999470254,11.143696605606932
all_groups,k_26_9_2_85,S,After,26.709763029184174,9.18431414312763,42.101196999470254,11.143696605606932
all_groups,k_26_9_2_87,S,After,-11.029882163074417,-6.435326638835869,42.101196999470254,11.143696605606932
all_groups,k_26_9_2_92,S,After,40.1354033301521,-6.286496907912101,42.101196999470254,11.143696605606932
all_groups,k_26_9_2_97,S,After,-18.15026014382801,-13.469078002957433,42.101196999470254,11.143696605606932
all_groups,k_26_9_2_98,S,After,1.5846678320715597,7.489696646586012,42.101196999470254,11.143696605606932
study_only,k_26_9_2_3,HC,Before,-26.724877329196005,7.530196391290325,27.156062391371027,17.00188713669725
study_only,k_26_9_2_7,HC,Before,17.059040246315945,24.8182802431958,27.156062391371027,17.00188713669725
study_only,k_26_9_2_8,HC,Before,-25.034599687759336,7.527896582167442,27.156062391371027,17.00188713669725
study_only,k_26_9_2_13,HC,Before,-29.405819891630838,4.8571818627621415,27.156062391371027,17.00188713669725
study_only,k_26_9_2_18,HC,Before,-18.41108872201472,17.2951535334861,27.156062391371027,17.00188713669725
study_only,k_26_9_2_21,HC,Before,-28.9221896406622,11.35249954394095,27.156062391371027,17.00188713669725
study_only,k_26_9_2_23,HC,Before,-25.901833123027767,2.1938242412649718,27.156062391371027,17.00188713669725
study_only,k_26_9_2_33,HC,Before,-29.784904173674626,13.091275813785812,27.156062391371027,17.00188713669725
study_only,k_26_9_2_34,HC,Before,14.975181959072808,15.336146193800623,27.156062391371027,17.00188713669725
study_only,k_26_9_2_37,HC,Before,-10.491630138085833,13.926840988531419,27.156062391371027,17.00188713669725
study_only,k_26_9_2_43,HC,Before,-5.4305435871866,16.147474550785446,27.156062391371027,17.00188713669725
study_only,k_26_9_2_46,HC,Before,-17.94074674863086,17.361067691343994,27.156062391371027,17.00188713669725
study_only,k_26_9_2_48,HC,Before,-25.66872100911968,6.4227700868891375,27.156062391371027,17.00188713669725
study_only,k_26_9_2_57,HC,Before,-27.716717657974904,8.215626713449145,27.156062391371027,17.00188713669725
study_only,k_26_9_2_59,HC,Before,-32.27065088089007,1.7199461234625095,27.156062391371027,17.00188713669725
study_only,k_26_9_2_61,HC,Before,17.512612669450135,26.473349569236284,27.156062391371027,17.00188713669725
study_only,k_26_9_2_62,HC,Before,-26.570366392342258,3.6381302608856596,27.156062391371027,17.00188713669725
study_only,k_26_9_2_75,HC,Before,14.843751955806136,16.780722201102005,27.156062391371027,17.00188713669725
study_only,k_26_9_2_76,HC,Before,-20.097647510318602,11.930230925886478,27.156062391371027,17.00188713669725
study_only,k_26_9_2_78,HC,Before,-26.875079200169154,17.95901464950507,27.156062391371027,17.00188713669725
study_only,k_26_9_2_86,HC,Before,17.04864078268314,24.275019307547623,27.156062391371027,17.00188713669725
study_only,k_26_9_2_90,HC,Before,39.01519406971714,25.271181467809882,27.156062391371027,17.00188713669725
study_only,k_26_9_2_91,HC,Before,-21.605518159196137,6.6476388040196355,27.156062391371027,17.00188713669725
study_only,k_26_9_2_94,HC,Before,-29.309799254248993,3.7829042776779014,27.156062391371027,17.00188713669725
study_only,k_26_9_2_95,HC,Before,-17.718309909846038,17.171338583005138,27.156062391371027,17.00188713669725
study_only,k_26_9_2_96,HC,Before,-22.50087706069466,8.739903687860608,27.156062391371027,17.00188713669725
study_only,k_26_9_2_102,HC,Before,-28.128601287802546,17.693547419064625,27.156062391371027,17.00188713669725
study_only,k_26_9_2_2,S,Before,46.4413107016676,-9.335606931648098,27.156062391371027,17.00188713669725
study_only,k_26_9_2_9,S,Before,-9.902552921013179,-34.515013245400006,27.156062391371027,17.00188713669725
study_only,k_26_9_2_11,S,Before,17.804922208231087,-0.5245698128270738,27.156062391371027,17.00188713669725
study_only,k_26_9_2_14,S,Before,40.439317959200366,15.92663197158841,27.156062391371027,17.00188713669725
study_only,k_26_9_2_16,S,Before,-10.444811171576294,-33.35992341906418,27.156062391371027,17.00188713669725
study_only,k_26_9_2_22,S,Before,-0.8783532420188244,-20.221075393192688,27.156062391371027,17.00188713669725
study_only,k_26_9_2_26,S,Before,27.379499736074965,4.361663836581195,27.156062391371027,17.00188713669725
study_only,k_26_9_2_31,S,Before,25.04306682398232,-3.8717497485342793,27.156062391371027,17.00188713669725
study_only,k_26_9_2_35,S,Before,4.448013114728328,-6.539806093814048,27.156062391371027,17.00188713669725
study_only,k_26_9_2_36,S,Before,-2.0845561742800265,-43.211513563473396,27.156062391371027,17.00188713669725
study_only,k_26_9_2_47,S,Before,-1.32265662708265,-20.574829401789795,27.156062391371027,17.00188713669725
study_only,k_26_9_2_49,S,Before,0.06295256329373326,-43.54692188906007,27.156062391371027,17.00188713669725
study_only,k_26_9_2_54,S,Before,-10.001227128557577,-32.88029507712251,27.156062391371027,17.00188713669725
study_only,k_26_9_2_55,S,Before,39.98269676669667,14.836001145953832,27.156062391371027,17.00188713669725
study_only,k_26_9_2_60,S,Before,25.942364531210355,-2.5705880945018147,27.156062391371027,17.00188713669725
study_only,k_26_9_2_63,S,Before,44.43237068094184,-7.057657551323745,27.156062391371027,17.00188713669725
study_only,k_26_9_2_66,S,Before,28.884386345952084,4.454042382135688,27.156062391371027,17.00188713669725
study_only,k_26_9_2_68,S,Before,5.447346457777917,-6.894458090123528,27.156062391371027,17.00188713669725
study_only,k_26_9_2_74,S,Before,18.733184276515022,-2.0291180113802727,27.156062391371027,17.00188713669725
study_only,k_26_9_2_77,S,Before,-6.110415861296074,-26.928618405330017,27.156062391371027,17.00188713669725
study_only,k_26_9_2_82,S,Before,36.718813562862,-1.0910125905040924,27.156062391371027,17.00188713669725
study_only,k_26_9_2_83,S,Before,2.098506714930116,-42.25626599702798,27.156062391371027,17.00188713669725
study_only,k_26_9_2_85,S,Before,27.529492169844335,5.122554905066556,27.156062391371027,17.00188713669725
study_only,k_26_9_2_87,S,Before,1.8882758138961449,-17.40956383374634,27.156062391371027,17.00188713669725
study_only,k_26_9_2_92,S,Before,5.276414657837599,-6.9209284197624505,27.156062391371027,17.00188713669725
study_only,k_26_9_2_97,S,Before,-6.187788733652291,-31.58118972785498,27.156062391371027,17.00188713669725
study_only,k_26_9_2_98,S,Before,24.43552645526058,0.4606493423991038,27.156062391371027,17.00188713669725
study_only,k_26_9_2_3,HC,After,-11.357170717344617,-25.343035569058507,52.476791489629115,12.684968539846233
study_only,k_26_9_2_7,HC,After,-28.578498125356802,15.495311421607768,52.476791489629115,12.684968539846233
study_only,k_26_9_2_8,HC,After,-18.418147694449768,-23.023040531061653,52.476791489629115,12.684968539846233
study_only,k_26_9_2_13,HC,After,20.614052050776095,-30.131602065419,52.476791489629115,12.684968539846233
study_only,k_26_9_2_18,HC,After,-13.348537466298607,-18.918526411404375,52.476791489629115,12.684968539846233
study_only,k_26_9_2_21,HC,After,7.630017972677192,-28.42661576730202,52.476791489629115,12.684968539846233
study_only,k_26_9_2_23,HC,After,-27.22797082181899,-22.52471429516292,52.476791489629115,12.684968539846233
study_only,k_26_9_2_33,HC,After,-44.80648255084129,-26.64012786785812,52.476791489629115,12.684968539846233
study_only,k_26_9_2_34,HC,After,-37.50312070841472,13.543244980404483,52.476791489629115,12.684968539846233
study_only,k_26_9_2_37,HC,After,-109.23874486937177,-4.838575367616665,52.476791489629115,12.684968539846233
study_only,k_26_9_2_43,HC,After,-80.88603266263992,-1.2645654701594986,52.476791489629115,12.684968539846233
study_only,k_26_9_2_46,HC,After,-37.39133308880034,-17.036640591289018,52.476791489629115,12.684968539846233
study_only,k_26_9_2_48,HC,After,1.5615357984586424,-24.935125934621336,52.476791489629115,12.684968539846233
study_only,k_26_9_2_57,HC,After,24.923893151037777,-27.733945409664653,52.476791489629115,12.684968539846233
study_only,k_26_9_2_59,HC,After,8.594688430099556,-31.37781049253953,52.476791489629115,12.684968539846233
study_only,k_26_9_2_61,HC,After,-54.275992934117625,16.526677684389906,52.476791489629115,12.684968539846233
study_only,k_26_9_2_62,HC,After,-11.001020688638583,-24.98283704556349,52.476791489629115,12.684968539846233
study_only,k_26_9_2_75,HC,After,-10.630190074516065,11.31750317189534,52.476791489629115,12.684968539846233
study_only,k_26_9_2_76,HC,After,12.54435966382737,-21.907246769753094,52.476791489629115,12.684968539846233
study_only,k_26_9_2_78,HC,After,-15.423125170895721,-27.40409122522584,52.476791489629115,12.684968539846233
study_only,k_26_9_2_86,HC,After,-68.36908608531836,16.993332630641568,52.476791489629115,12.684968539846233
study_only,k_26_9_2_90,HC,After,-47.975138324150784,36.5715938141567,52.476791489629115,12.684968539846233
study_only,k_26_9_2_91,HC,After,7.520447610249216,-22.38432684864242,52.476791489629115,12.684968539846233
study_only,k_26_9_2_94,HC,After,7.453584379413992,-29.034282620017876,52.476791489629115,12.684968539846233
study_only,k_26_9_2_95,HC,After,-43.11014236393427,-16.974790457806396,52.476791489629115,12.684968539846233
study_only,k_26_9_2_96,HC,After,-0.6779579444097524,-22.469579810769552,52.476791489629115,12.684968539846233
study_only,k_26_9_2_102,HC,After,-40.31750003254865,-26.849428654737412,52.476791489629115,12.684968539846233
study_only,k_26_9_2_2,S,After,-68.467071015152,50.244515197697275,52.476791489629115,12.684968539846233
study_only,k_26_9_2_9,S,After,42.71509275766024,-5.461555372377656,52.476791489629115,12.684968539846233
study_only,k_26_9_2_11,S,After,74.01489890560813,12.720963875116238,52.476791489629115,12.684968539846233
study_only,k_26_9_2_14,S,After,59.160015318808945,35.31550219974505,52.476791489629115,12.684968539846233
study_only,k_26_9_2_16,S,After,-8.986362334293093,-5.739881764802149,52.476791489629115,12.684968539846233
study_only,k_26_9_2_22,S,After,-43.81323551577886,4.113144666013845,52.476791489629115,12.684968539846233
study_only,k_26_9_2_26,S,After,-5.6146679517918034,25.163658918434315,52.476791489629115,12.684968539846233
study_only,k_26_9_2_31,S,After,14.181628864656338,21.089381759903763,52.476791489629115,12.684968539846233
study_only,k_26_9_2_35,S,After,44.20591230563764,1.3375790038049622,52.476791489629115,12.684968539846233
study_only,k_26_9_2_36,S,After,118.50845169393934,-1.9141324536061712,52.476791489629115,12.684968539846233
study_only,k_26_9_2_47,S,After,-24.57188610453696,3.370727174047927,52.476791489629115,12.684968539846233
study_only,k_26_9_2_49,S,After,85.27839815201226,2.5437175565174197,52.476791489629115,12.684968539846233
study_only,k_26_9_2_54,S,After,14.654135580254831,-5.701179454365247,52.476791489629115,12.684968539846233
study_only,k_26_9_2_55,S,After,13.53392190524696,35.04343827408606,52.476791489629115,12.684968539846233
study_only,k_26_9_2_60,S,After,59.3672653835555,20.102820735582515,52.476791489629115,12.684968539846233
study_only,k_26_9_2_63,S,After,-35.94131029842134,45.77147758595903,52.476791489629115,12.684968539846233
study_only,k_26_9_2_66,S,After,-10.21378980531468,26.685259929265104,52.476791489629115,12.684968539846233
study_only,k_26_9_2_68,S,After,34.87310729555442,2.6971749924497375,52.476791489629115,12.684968539846233
study_only,k_26_9_2_74,S,After,46.666028604770986,15.073187410831236,52.476791489629115,12.684968539846233
study_only,k_26_9_2_77,S,After,31.641793966520446,-5.212445587946603,52.476791489629115,12.684968539846233
study_only,k_26_9_2_82,S,After,4.1663482581687274,32.72069943434835,52.476791489629115,12.684968539846233
study_only,k_26_9_2_83,S,After,118.05126444073782,2.0413132416904687,52.476791489629115,12.684968539846233
study_only,k_26_9_2_85,S,After,27.81240543856847,24.080656912624764,52.476791489629115,12.684968539846233
study_only,k_26_9_2_87,S,After,-9.62838049279094,4.419770173651473,52.476791489629115,12.684968539846233
study_only,k_26_9_2_92,S,After,41.68214081018951,1.9853444134352531,52.476791489629115,12.684968539846233
study_only,k_26_9_2_97,S,After,-16.30941261200294,-0.9637949348520201,52.476791489629115,12.684968539846233
study_only,k_26_9_2_98,S,After,2.7269197155191263,22.225901615322794,52.476791489629115,12.684968539846233
