scenario,method,include_factor2,group,sample_n,min_detected_for_cv,cv_eligible_proteins,median_cv_before_pct,median_cv_after_pct,median_paired_change_pp,fraction_proteins_cv_lower_after_pct
a_factor1,a,False,Internal-QC,6,5,672,56.507647584906046,56.507647584906046,0.0,0.0
a_factor1,a,False,pooled QC,15,11,5966,10.333709058962839,10.333709058962839,0.0,0.0
a_factor1,a,False,HC,27,19,5581,23.354909827786905,39.226940466496615,16.842895321513723,13.438451890342233
a_factor1,a,False,S,27,19,5822,28.709084999432612,45.83919736516651,17.8492079507067,11.319134318103744
a_factor1_plus_factor2,a,True,Internal-QC,6,5,672,56.507647584906046,56.507647584906046,0.0,0.0
a_factor1_plus_factor2,a,True,pooled QC,15,11,5966,10.333709058962839,10.333709058962839,0.0,0.0
a_factor1_plus_factor2,a,True,HC,27,19,5581,23.354909827786905,37.701146144072396,16.043212930440113,17.66708475183659
a_factor1_plus_factor2,a,True,S,27,19,5822,28.709084999432612,57.336484405513175,26.814903781272182,5.462040535898317
b_factor1,b,False,Internal-QC,6,5,672,56.507647584906046,56.507647584906046,0.0,0.0
b_factor1,b,False,pooled QC,15,11,5966,10.333709058962839,10.333709058962839,0.0,0.0
b_factor1,b,False,HC,27,19,5581,23.354909827786905,39.22694046649656,16.84289532151371,13.438451890342233
b_factor1,b,False,S,27,19,5822,28.709084999432612,45.83919736516661,17.849207950706692,11.319134318103744
b_factor1_plus_factor2,b,True,Internal-QC,6,5,672,56.507647584906046,56.507647584906046,0.0,0.0
b_factor1_plus_factor2,b,True,pooled QC,15,11,5966,10.333709058962839,10.333709058962839,0.0,0.0
b_factor1_plus_factor2,b,True,HC,27,19,5581,23.354909827786905,37.70114614407243,16.04321293044007,17.66708475183659
b_factor1_plus_factor2,b,True,S,27,19,5822,28.709084999432612,57.33648440551319,26.814903781272214,5.462040535898317
