sample_id,group,n_valid_help_peptides,sample_mR_log2,ref_mR_log2,candidate_factor2_log2,applied_factor2_in_combined
k_26_9_2_2,S,97,-5.559538592145073,-5.690010112127104,-0.13047151998203077,True
k_26_9_2_3,HC,97,-5.719105996820027,-5.690010112127104,0.029095884692923235,True
k_26_9_2_7,HC,96,-5.685196593227406,-5.690010112127104,-0.004813518899697833,True
k_26_9_2_8,HC,97,-5.847313509491906,-5.690010112127104,0.15730339736480214,True
k_26_9_2_9,S,97,-6.301913790992103,-5.690010112127104,0.6119036788649987,True
k_26_9_2_11,S,97,-5.875843816761792,-5.690010112127104,0.18583370463468807,True
k_26_9_2_13,HC,97,-5.379424358383221,-5.690010112127104,-0.310585753743883,True
k_26_9_2_14,S,97,-6.30283011660067,-5.690010112127104,0.6128200044735657,True
k_26_9_2_16,S,97,-5.758739212434326,-5.690010112127104,0.06872910030722235,True
k_26_9_2_18,HC,97,-5.904444853189948,-5.690010112127104,0.21443474106284377,True
k_26_9_2_21,HC,97,-5.7151537603833065,-5.690010112127104,0.02514364825620241,True
k_26_9_2_22,S,97,-5.852008639095081,-5.690010112127104,0.16199852696797734,True
k_26_9_2_23,HC,97,-5.5680331023592124,-5.690010112127104,-0.12197700976789161,True
k_26_9_2_24,pooled QC,97,-5.818264902199543,-5.690010112127104,0.12825479007243867,False
k_26_9_2_26,S,97,-5.729200880457746,-5.690010112127104,0.03919076833064228,True
k_26_9_2_30,pooled QC,97,-5.672291653879767,-5.690010112127104,-0.01771845824733731,False
k_26_9_2_31,S,97,-5.829751001637186,-5.690010112127104,0.13974088951008223,True
k_26_9_2_32,pooled QC,96,-5.793402010517816,-5.690010112127104,0.10339189839071228,False
k_26_9_2_33,HC,97,-5.885742822513902,-5.690010112127104,0.19573271038679785,True
k_26_9_2_34,HC,97,-5.197953245073366,-5.690010112127104,-0.49205686705373797,True
k_26_9_2_35,S,97,-5.711897431229002,-5.690010112127104,0.02188731910189823,True
k_26_9_2_36,S,97,-6.547715795074402,-5.690010112127104,0.857705682947298,True
k_26_9_2_37,HC,97,-5.634908005250396,-5.690010112127104,-0.055102106876708135,True
k_26_9_2_38,pooled QC,97,-5.761397794063245,-5.690010112127104,0.07138768193614098,False
k_26_9_2_39,pooled QC,97,-5.612233811195342,-5.690010112127104,-0.07777630093176224,False
k_26_9_2_43,HC,97,-5.287290780887165,-5.690010112127104,-0.40271933123993886,True
k_26_9_2_44,pooled QC,97,-5.557619138412264,-5.690010112127104,-0.13239097371484032,False
k_26_9_2_46,HC,97,-5.742080125089598,-5.690010112127104,0.052070012962493806,True
k_26_9_2_47,S,97,-6.058960329150075,-5.690010112127104,0.36895021702297104,True
k_26_9_2_48,HC,97,-5.9400217178473715,-5.690010112127104,0.2500116057202675,True
k_26_9_2_49,S,97,-6.1180503519507585,-5.690010112127104,0.42804023982365447,True
k_26_9_2_51,pooled QC,97,-5.578329765013369,-5.690010112127104,-0.11168034711373487,False
k_26_9_2_52,pooled QC,97,-5.677817004822788,-5.690010112127104,-0.012193107304316442,False
k_26_9_2_54,S,97,-6.15507182087,-5.690010112127104,0.4650617087428959,True
k_26_9_2_55,S,97,-5.935715465935091,-5.690010112127104,0.24570535380798653,True
k_26_9_2_57,HC,97,-6.004250376153068,-5.690010112127104,0.3142402640259636,True
k_26_9_2_58,pooled QC,97,-5.7380191433339665,-5.690010112127104,0.048009031206862396,False
k_26_9_2_59,HC,97,-5.605477827318426,-5.690010112127104,-0.08453228480867825,True
k_26_9_2_60,S,97,-6.091567418325363,-5.690010112127104,0.40155730619825913,True
k_26_9_2_61,HC,97,-5.554709413503467,-5.690010112127104,-0.13530069862363714,True
k_26_9_2_62,HC,97,-5.605842630509317,-5.690010112127104,-0.08416748161778731,True
k_26_9_2_63,S,97,-5.813344672232718,-5.690010112127104,0.12333456010561417,True
k_26_9_2_66,S,97,-5.5630139759030115,-5.690010112127104,-0.12699613622409256,True
k_26_9_2_68,S,97,-5.6156935405917325,-5.690010112127104,-0.07431657153537152,True
k_26_9_2_69,pooled QC,97,-5.605727284789564,-5.690010112127104,-0.08428282733753978,False
k_26_9_2_74,S,97,-5.590472092258398,-5.690010112127104,-0.0995380198687057,True
k_26_9_2_75,HC,97,-5.329632599433082,-5.690010112127104,-0.3603775126940221,True
k_26_9_2_76,HC,97,-5.606709693694114,-5.690010112127104,-0.08330041843298996,True
k_26_9_2_77,S,97,-5.886797741873587,-5.690010112127104,0.196787629746483,True
k_26_9_2_78,HC,97,-5.858980499285347,-5.690010112127104,0.16897038715824308,True
k_26_9_2_82,S,97,-5.98585402312116,-5.690010112127104,0.2958439109940558,True
k_26_9_2_83,S,97,-6.532150268417362,-5.690010112127104,0.8421401562902577,True
k_26_9_2_84,pooled QC,97,-5.702073240371305,-5.690010112127104,0.012063128244200527,False
k_26_9_2_85,S,97,-6.137706458678981,-5.690010112127104,0.4476963465518766,True
k_26_9_2_86,HC,97,-5.686120310216617,-5.690010112127104,-0.0038898019104873782,True
k_26_9_2_87,S,97,-6.143728757312661,-5.690010112127104,0.4537186451855568,True
k_26_9_2_88,pooled QC,97,-5.838429174214918,-5.690010112127104,0.14841906208781364,False
k_26_9_2_90,HC,97,-5.519650888133219,-5.690010112127104,-0.17035922399388514,True
k_26_9_2_91,HC,97,-5.6855656640580685,-5.690010112127104,-0.004444448069035545,True
k_26_9_2_92,S,97,-5.801975751358812,-5.690010112127104,0.1119656392317081,True
k_26_9_2_93,pooled QC,97,-5.634588345146602,-5.690010112127104,-0.05542176698050216,False
k_26_9_2_94,HC,97,-5.698679316869818,-5.690010112127104,0.00866920474271371,True
k_26_9_2_95,HC,97,-5.837557575810664,-5.690010112127104,0.1475474636835603,True
k_26_9_2_96,HC,97,-6.121528746565058,-5.690010112127104,0.43151863443795424,True
k_26_9_2_97,S,97,-5.944083769060179,-5.690010112127104,0.25407365693307504,True
k_26_9_2_98,S,97,-5.712658185004301,-5.690010112127104,0.022648072877196945,True
k_26_9_2_99,pooled QC,97,-5.690010112127104,-5.690010112127104,0.0,False
k_26_9_2_100,pooled QC,97,-5.693510942701278,-5.690010112127104,0.003500830574173719,False
k_26_9_2_102,HC,97,-6.086099722440116,-5.690010112127104,0.3960896103130116,True
LM_1,Internal-QC,79,-10.965866508358936,-5.690010112127104,5.2758563962318314,False
LM_2_1,Internal-QC,91,-10.90857495571277,-5.690010112127104,5.218564843585665,False
LM_2_2,Internal-QC,91,-10.90857495571277,-5.690010112127104,5.218564843585665,False
LM_3_2,Internal-QC,92,-10.85671738338286,-5.690010112127104,5.166707271255755,False
LM_3_3,Internal-QC,92,-10.85671738338286,-5.690010112127104,5.166707271255755,False
LM_4,Internal-QC,90,-10.701104733682019,-5.690010112127104,5.011094621554915,False
