sample_id,group,log2_AADALLLK,log2_VNQIGTLSESIK,mean_log2_yeast,ref_ye_method_a,ref_ye_method_b,median_log2_AADALLLK,median_log2_VNQIGTLSESIK,factor1_a,factor1_b,factor1_b_minus_a
k_26_9_2_2,S,24.582346567496298,24.334705720490174,24.458526143993236,23.65623363574185,23.652550756237556,23.825814085781758,23.479287426693354,-0.8022925082513872,-0.8059753877556801,-0.003682879504292913
k_26_9_2_3,HC,23.72532225567164,23.3607635131004,23.54304288438602,23.65623363574185,23.652550756237556,23.825814085781758,23.479287426693354,0.11319075135583034,0.10950787185153565,-0.0036828795042946894
k_26_9_2_7,HC,24.133331483201896,23.739177074272565,23.93625427873723,23.65623363574185,23.652550756237556,23.825814085781758,23.479287426693354,-0.28002064299538176,-0.2837035224996747,-0.003682879504292913
k_26_9_2_8,HC,23.91986606204063,23.62285347932791,23.77135977068427,23.65623363574185,23.652550756237556,23.825814085781758,23.479287426693354,-0.11512613494242174,-0.11880901444671466,-0.003682879504292913
k_26_9_2_9,S,23.618631721892623,23.14795172476759,23.383291723330107,23.65623363574185,23.652550756237556,23.825814085781758,23.479287426693354,0.27294191241174204,0.2692590329074491,-0.003682879504292913
k_26_9_2_11,S,22.934204848410978,22.58389466664495,22.759049757527965,23.65623363574185,23.652550756237556,23.825814085781758,23.479287426693354,0.8971838782138839,0.893500998709591,-0.003682879504292913
k_26_9_2_13,HC,22.905727615990433,22.57014245411582,22.737935035053127,23.65623363574185,23.652550756237556,23.825814085781758,23.479287426693354,0.9182986006887219,0.914615721184429,-0.003682879504292913
k_26_9_2_14,S,23.56887554647371,23.21684693304967,23.39286123976169,23.65623363574185,23.652550756237556,23.825814085781758,23.479287426693354,0.26337239598015927,0.25968951647586636,-0.003682879504292913
k_26_9_2_16,S,23.850122822158728,23.462909477842388,23.656516150000556,23.65623363574185,23.652550756237556,23.825814085781758,23.479287426693354,-0.00028251425870706726,-0.003965393763001757,-0.0036828795042946894
k_26_9_2_18,HC,23.995539448766987,23.624534445582913,23.81003694717495,23.65623363574185,23.652550756237556,23.825814085781758,23.479287426693354,-0.15380331143310144,-0.15748619093739435,-0.003682879504292913
k_26_9_2_21,HC,23.44648059142275,23.022496164585846,23.234488378004297,23.65623363574185,23.652550756237556,23.825814085781758,23.479287426693354,0.4217452577375518,0.41806237823325887,-0.003682879504292913
k_26_9_2_22,S,24.392467383856182,24.115866083928125,24.254166733892156,23.65623363574185,23.652550756237556,23.825814085781758,23.479287426693354,-0.5979330981503068,-0.601615977654598,-0.0036828795042911366
k_26_9_2_23,HC,23.796278496747785,23.46389587811752,23.63008718743265,23.65623363574185,23.652550756237556,23.825814085781758,23.479287426693354,0.026146448309198433,0.022463568804903744,-0.0036828795042946894
k_26_9_2_26,S,23.905376445710996,23.61715545524788,23.761265950479437,23.65623363574185,23.652550756237556,23.825814085781758,23.479287426693354,-0.10503231473758845,-0.10871519424188136,-0.003682879504292913
k_26_9_2_31,S,23.80534998080524,23.506552262161037,23.655951121483138,23.65623363574185,23.652550756237556,23.825814085781758,23.479287426693354,0.00028251425871061997,-0.003400365245582293,-0.003682879504292913
k_26_9_2_33,HC,24.263527897297866,24.053066446217223,24.158297171757546,23.65623363574185,23.652550756237556,23.825814085781758,23.479287426693354,-0.5020635360156973,-0.5057464155199884,-0.0036828795042911366
k_26_9_2_34,HC,23.822343746598005,23.421837037153647,23.622090391875826,23.65623363574185,23.652550756237556,23.825814085781758,23.479287426693354,0.03414324386602274,0.03046036436172983,-0.003682879504292913
k_26_9_2_35,S,23.157284323885836,22.816843040609175,22.987063682247506,23.65623363574185,23.652550756237556,23.825814085781758,23.479287426693354,0.6691699534943432,0.6654870739900502,-0.003682879504292913
k_26_9_2_36,S,22.90037062971526,22.43301433876295,22.666692484239103,23.65623363574185,23.652550756237556,23.825814085781758,23.479287426693354,0.9895411515027455,0.9858582719984526,-0.003682879504292913
k_26_9_2_37,HC,25.033363050553145,24.73576109254488,24.884562071549013,23.65623363574185,23.652550756237556,23.825814085781758,23.479287426693354,-1.228328435807164,-1.232011315311457,-0.003682879504292913
k_26_9_2_43,HC,24.380701429589404,24.009076579301347,24.194889004445375,23.65623363574185,23.652550756237556,23.825814085781758,23.479287426693354,-0.5386553687035267,-0.5423382482078196,-0.003682879504292913
k_26_9_2_46,HC,24.14796127074518,23.841417693716554,23.994689482230868,23.65623363574185,23.652550756237556,23.825814085781758,23.479287426693354,-0.33845584648901905,-0.34213872599331197,-0.003682879504292913
k_26_9_2_47,S,24.27159367982399,24.0470430123279,24.159318346075946,23.65623363574185,23.652550756237556,23.825814085781758,23.479287426693354,-0.5030847103340967,-0.5067675898383897,-0.003682879504292913
k_26_9_2_48,HC,23.778556037783645,23.377525111064077,23.57804057442386,23.65623363574185,23.652550756237556,23.825814085781758,23.479287426693354,0.07819306131798953,0.07451018181369484,-0.0036828795042946894
k_26_9_2_49,S,22.97336507432098,22.40823617512167,22.690800624721327,23.65623363574185,23.652550756237556,23.825814085781758,23.479287426693354,0.9654330110205223,0.9617501315162311,-0.0036828795042911366
k_26_9_2_54,S,23.867280153870382,23.52194974263383,23.694614948252106,23.65623363574185,23.652550756237556,23.825814085781758,23.479287426693354,-0.038381312510257004,-0.04206419201454992,-0.003682879504292913
k_26_9_2_55,S,23.884930108977198,23.624173749828188,23.754551929402695,23.65623363574185,23.652550756237556,23.825814085781758,23.479287426693354,-0.09831829366084577,-0.1020011731651369,-0.0036828795042911366
k_26_9_2_57,HC,23.472848598617286,23.061894566226602,23.267371582421944,23.65623363574185,23.652550756237556,23.825814085781758,23.479287426693354,0.38886205331990453,0.3851791738156116,-0.003682879504292913
k_26_9_2_59,HC,23.319980900917358,22.936112028315225,23.12804646461629,23.65623363574185,23.652550756237556,23.825814085781758,23.479287426693354,0.528187171125559,0.5245042916212643,-0.0036828795042946894
k_26_9_2_60,S,23.48237937047508,23.068549841319413,23.27546460589725,23.65623363574185,23.652550756237556,23.825814085781758,23.479287426693354,0.3807690298446005,0.37708615034030935,-0.0036828795042911366
k_26_9_2_61,HC,24.346381306258845,24.03344610741849,24.189913706838666,23.65623363574185,23.652550756237556,23.825814085781758,23.479287426693354,-0.5336800710968177,-0.5373629506011124,-0.0036828795042946894
k_26_9_2_62,HC,23.593857483056834,23.290281300452747,23.442069391754792,23.65623363574185,23.652550756237556,23.825814085781758,23.479287426693354,0.21416424398705658,0.21048136448276544,-0.0036828795042911366
k_26_9_2_63,S,24.399450242743924,24.147238314062392,24.273344278403158,23.65623363574185,23.652550756237556,23.825814085781758,23.479287426693354,-0.6171106426613093,-0.6207935221656022,-0.003682879504292913
k_26_9_2_66,S,23.82928442496551,23.515755172405832,23.67251979868567,23.65623363574185,23.652550756237556,23.825814085781758,23.479287426693354,-0.016286162943821125,-0.019969042448115815,-0.0036828795042946894
k_26_9_2_68,S,23.22080768933998,22.842714987475546,23.03176133840776,23.65623363574185,23.652550756237556,23.825814085781758,23.479287426693354,0.624472297334087,0.6207894178297924,-0.0036828795042946894
k_26_9_2_74,S,23.09792008150231,22.63517097901953,22.86654553026092,23.65623363574185,23.652550756237556,23.825814085781758,23.479287426693354,0.789688105480927,0.7860052259766359,-0.0036828795042911366
k_26_9_2_75,HC,23.612969931420825,23.18305317653172,23.39801155397627,23.65623363574185,23.652550756237556,23.825814085781758,23.479287426693354,0.25822208176557737,0.25453920226128446,-0.003682879504292913
k_26_9_2_76,HC,23.364594632914613,22.912100095385412,23.138347364150015,23.65623363574185,23.652550756237556,23.825814085781758,23.479287426693354,0.5178862715918342,0.5142033920875431,-0.0036828795042911366
k_26_9_2_77,S,23.50709728803905,23.021993191472266,23.264545239755655,23.65623363574185,23.652550756237556,23.825814085781758,23.479287426693354,0.3916883959861934,0.38800551648189874,-0.0036828795042946894
k_26_9_2_78,HC,23.973125310616805,23.582237098728093,23.777681204672447,23.65623363574185,23.652550756237556,23.825814085781758,23.479287426693354,-0.12144756893059849,-0.12513044843489318,-0.0036828795042946894
k_26_9_2_82,S,24.114656679795534,23.860499278808245,23.98757797930189,23.65623363574185,23.652550756237556,23.825814085781758,23.479287426693354,-0.3313443435600405,-0.3350272230643334,-0.003682879504292913
k_26_9_2_83,S,22.90200794141542,22.455086365691923,22.678547153553673,23.65623363574185,23.652550756237556,23.825814085781758,23.479287426693354,0.9776864821881759,0.9740036026838848,-0.0036828795042911366
k_26_9_2_85,S,23.86489126356794,23.494678975269185,23.67978511941856,23.65623363574185,23.652550756237556,23.825814085781758,23.479287426693354,-0.023551483676712337,-0.027234363181007026,-0.0036828795042946894
k_26_9_2_86,HC,24.653649878474866,24.370167362253124,24.511908620363997,23.65623363574185,23.652550756237556,23.825814085781758,23.479287426693354,-0.8556749846221479,-0.859357864126439,-0.0036828795042911366
k_26_9_2_87,S,24.239637203062653,23.942615174598114,24.091126188830383,23.65623363574185,23.652550756237556,23.825814085781758,23.479287426693354,-0.4348925530885346,-0.4385754325928275,-0.003682879504292913
k_26_9_2_90,HC,24.286352731602527,24.055608053720558,24.17098039266154,23.65623363574185,23.652550756237556,23.825814085781758,23.479287426693354,-0.514746756919692,-0.5184296364239867,-0.0036828795042946894
k_26_9_2_91,HC,23.457695613600706,23.138133499348697,23.2979145564747,23.65623363574185,23.652550756237556,23.825814085781758,23.479287426693354,0.35831907926714734,0.35463619976285443,-0.003682879504292913
k_26_9_2_92,S,23.353274728637693,22.90710448030878,23.130189604473237,23.65623363574185,23.652550756237556,23.825814085781758,23.479287426693354,0.5260440312686114,0.5223611517643185,-0.003682879504292913
k_26_9_2_94,HC,23.47003062319598,23.0532565736776,23.26164359843679,23.65623363574185,23.652550756237556,23.825814085781758,23.479287426693354,0.3945900373050577,0.3909071578007648,-0.003682879504292913
k_26_9_2_95,HC,24.34730148286145,24.05480550180262,24.201053492332036,23.65623363574185,23.652550756237556,23.825814085781758,23.479287426693354,-0.5448198565901876,-0.5485027360944787,-0.0036828795042911366
k_26_9_2_96,HC,23.955598829335628,23.700117730690014,23.82785828001282,23.65623363574185,23.652550756237556,23.825814085781758,23.479287426693354,-0.17162464427097035,-0.17530752377526504,-0.0036828795042946894
k_26_9_2_97,S,24.105623459901885,23.776034068526894,23.940828764214388,23.65623363574185,23.652550756237556,23.825814085781758,23.479287426693354,-0.28459512847253876,-0.28827800797683345,-0.0036828795042946894
k_26_9_2_98,S,23.798031309951558,23.456455314596752,23.627243312274153,23.65623363574185,23.652550756237556,23.825814085781758,23.479287426693354,0.02899032346769559,0.0253074439634009,-0.0036828795042946894
k_26_9_2_102,HC,24.449633308007204,24.20592454322074,24.32777892561397,23.65623363574185,23.652550756237556,23.825814085781758,23.479287426693354,-0.671545289872121,-0.6752281693764157,-0.0036828795042946894
