sample_id,group,study_corrected,factor1_a,factor1_b,factor2_candidate_log2,help_log2_median,ref_help_log2_median,n_valid_help_peptides,method,stage,applied_factor1_log2,applied_factor2_log2,applied_total_offset_log2,applied_linear_multiplier,corrected
k_26_9_2_2,S,True,-0.8022925082513872,-0.8059753877556801,-0.13047151998203077,-5.559538592145073,-5.690010112127104,97,b,factor1,-0.8059753877556801,0.0,-0.8059753877556801,0.5719752443635787,True
k_26_9_2_3,HC,True,0.11319075135583034,0.10950787185153565,0.029095884692923235,-5.719105996820027,-5.690010112127104,97,b,factor1,0.10950787185153565,0.0,0.10950787185153565,1.0788601559314743,True
k_26_9_2_7,HC,True,-0.28002064299538176,-0.2837035224996747,-0.004813518899697833,-5.685196593227406,-5.690010112127104,96,b,factor1,-0.2837035224996747,0.0,-0.2837035224996747,0.8214794995337285,True
k_26_9_2_8,HC,True,-0.11512613494242174,-0.11880901444671466,0.15730339736480214,-5.847313509491906,-5.690010112127104,97,b,factor1,-0.11880901444671466,0.0,-0.11880901444671466,0.9209476051906852,True
k_26_9_2_9,S,True,0.27294191241174204,0.2692590329074491,0.6119036788649987,-6.301913790992103,-5.690010112127104,97,b,factor1,0.2692590329074491,0.0,0.2692590329074491,1.2051886847027982,True
k_26_9_2_11,S,True,0.8971838782138839,0.893500998709591,0.18583370463468807,-5.875843816761792,-5.690010112127104,97,b,factor1,0.893500998709591,0.0,0.893500998709591,1.8576787009745226,True
k_26_9_2_13,HC,True,0.9182986006887219,0.914615721184429,-0.310585753743883,-5.379424358383221,-5.690010112127104,97,b,factor1,0.914615721184429,0.0,0.914615721184429,1.88506689519009,True
k_26_9_2_14,S,True,0.26337239598015927,0.25968951647586636,0.6128200044735657,-6.30283011660067,-5.690010112127104,97,b,factor1,0.25968951647586636,0.0,0.25968951647586636,1.1972210220226671,True
k_26_9_2_16,S,True,-0.00028251425870706726,-0.003965393763001757,0.06872910030722235,-5.758739212434326,-5.690010112127104,97,b,factor1,-0.003965393763001757,0.0,-0.003965393763001757,0.9972551724400028,True
k_26_9_2_18,HC,True,-0.15380331143310144,-0.15748619093739435,0.21443474106284377,-5.904444853189948,-5.690010112127104,97,b,factor1,-0.15748619093739435,0.0,-0.15748619093739435,0.8965859575925217,True
k_26_9_2_21,HC,True,0.4217452577375518,0.41806237823325887,0.02514364825620241,-5.7151537603833065,-5.690010112127104,97,b,factor1,0.41806237823325887,0.0,0.41806237823325887,1.3361318478700774,True
k_26_9_2_22,S,True,-0.5979330981503068,-0.601615977654598,0.16199852696797734,-5.852008639095081,-5.690010112127104,97,b,factor1,-0.601615977654598,0.0,-0.601615977654598,0.6590153718739212,True
k_26_9_2_23,HC,True,0.026146448309198433,0.022463568804903744,-0.12197700976789161,-5.5680331023592124,-5.690010112127104,97,b,factor1,0.022463568804903744,0.0,0.022463568804903744,1.0156924121593378,True
k_26_9_2_24,pooled QC,False,0.0,0.0,0.12825479007243867,-5.818264902199543,-5.690010112127104,97,b,factor1,0.0,0.0,0.0,1.0,False
k_26_9_2_26,S,True,-0.10503231473758845,-0.10871519424188136,0.03919076833064228,-5.729200880457746,-5.690010112127104,97,b,factor1,-0.10871519424188136,0.0,-0.10871519424188136,0.9274136112269387,True
k_26_9_2_30,pooled QC,False,0.0,0.0,-0.01771845824733731,-5.672291653879767,-5.690010112127104,97,b,factor1,0.0,0.0,0.0,1.0,False
k_26_9_2_31,S,True,0.00028251425871061997,-0.003400365245582293,0.13974088951008223,-5.829751001637186,-5.690010112127104,97,b,factor1,-0.003400365245582293,0.0,-0.003400365245582293,0.9976458218512951,True
k_26_9_2_32,pooled QC,False,0.0,0.0,0.10339189839071228,-5.793402010517816,-5.690010112127104,96,b,factor1,0.0,0.0,0.0,1.0,False
k_26_9_2_33,HC,True,-0.5020635360156973,-0.5057464155199884,0.19573271038679785,-5.885742822513902,-5.690010112127104,97,b,factor1,-0.5057464155199884,0.0,-0.5057464155199884,0.7042958976298129,True
k_26_9_2_34,HC,True,0.03414324386602274,0.03046036436172983,-0.49205686705373797,-5.197953245073366,-5.690010112127104,97,b,factor1,0.03046036436172983,0.0,0.03046036436172983,1.0213379829291165,True
k_26_9_2_35,S,True,0.6691699534943432,0.6654870739900502,0.02188731910189823,-5.711897431229002,-5.690010112127104,97,b,factor1,0.6654870739900502,0.0,0.6654870739900502,1.5861036735830163,True
k_26_9_2_36,S,True,0.9895411515027455,0.9858582719984526,0.857705682947298,-6.547715795074402,-5.690010112127104,97,b,factor1,0.9858582719984526,0.0,0.9858582719984526,1.9804911740948934,True
k_26_9_2_37,HC,True,-1.228328435807164,-1.232011315311457,-0.055102106876708135,-5.634908005250396,-5.690010112127104,97,b,factor1,-1.232011315311457,0.0,-1.232011315311457,0.4257235148368246,True
k_26_9_2_38,pooled QC,False,0.0,0.0,0.07138768193614098,-5.761397794063245,-5.690010112127104,97,b,factor1,0.0,0.0,0.0,1.0,False
k_26_9_2_39,pooled QC,False,0.0,0.0,-0.07777630093176224,-5.612233811195342,-5.690010112127104,97,b,factor1,0.0,0.0,0.0,1.0,False
k_26_9_2_43,HC,True,-0.5386553687035267,-0.5423382482078196,-0.40271933123993886,-5.287290780887165,-5.690010112127104,97,b,factor1,-0.5423382482078196,0.0,-0.5423382482078196,0.6866571071051409,True
k_26_9_2_44,pooled QC,False,0.0,0.0,-0.13239097371484032,-5.557619138412264,-5.690010112127104,97,b,factor1,0.0,0.0,0.0,1.0,False
k_26_9_2_46,HC,True,-0.33845584648901905,-0.34213872599331197,0.052070012962493806,-5.742080125089598,-5.690010112127104,97,b,factor1,-0.34213872599331197,0.0,-0.34213872599331197,0.7888709813193436,True
k_26_9_2_47,S,True,-0.5030847103340967,-0.5067675898383897,0.36895021702297104,-6.058960329150075,-5.690010112127104,97,b,factor1,-0.5067675898383897,0.0,-0.5067675898383897,0.7037975564099479,True
k_26_9_2_48,HC,True,0.07819306131798953,0.07451018181369484,0.2500116057202675,-5.9400217178473715,-5.690010112127104,97,b,factor1,0.07451018181369484,0.0,0.07451018181369484,1.0530034636336822,True
k_26_9_2_49,S,True,0.9654330110205223,0.9617501315162311,0.42804023982365447,-6.1180503519507585,-5.690010112127104,97,b,factor1,0.9617501315162311,0.0,0.9617501315162311,1.9476711797261017,True
k_26_9_2_51,pooled QC,False,0.0,0.0,-0.11168034711373487,-5.578329765013369,-5.690010112127104,97,b,factor1,0.0,0.0,0.0,1.0,False
k_26_9_2_52,pooled QC,False,0.0,0.0,-0.012193107304316442,-5.677817004822788,-5.690010112127104,97,b,factor1,0.0,0.0,0.0,1.0,False
k_26_9_2_54,S,True,-0.038381312510257004,-0.04206419201454992,0.4650617087428959,-6.15507182087,-5.690010112127104,97,b,factor1,-0.04206419201454992,0.0,-0.04206419201454992,0.9712642786482365,True
k_26_9_2_55,S,True,-0.09831829366084577,-0.1020011731651369,0.24570535380798653,-5.935715465935091,-5.690010112127104,97,b,factor1,-0.1020011731651369,0.0,-0.1020011731651369,0.9317396716360261,True
k_26_9_2_57,HC,True,0.38886205331990453,0.3851791738156116,0.3142402640259636,-6.004250376153068,-5.690010112127104,97,b,factor1,0.3851791738156116,0.0,0.3851791738156116,1.3060219768822254,True
k_26_9_2_58,pooled QC,False,0.0,0.0,0.048009031206862396,-5.7380191433339665,-5.690010112127104,97,b,factor1,0.0,0.0,0.0,1.0,False
k_26_9_2_59,HC,True,0.528187171125559,0.5245042916212643,-0.08453228480867825,-5.605477827318426,-5.690010112127104,97,b,factor1,0.5245042916212643,0.0,0.5245042916212643,1.4384392489964244,True
k_26_9_2_60,S,True,0.3807690298446005,0.37708615034030935,0.40155730619825913,-6.091567418325363,-5.690010112127104,97,b,factor1,0.37708615034030935,0.0,0.37708615034030935,1.2987161530747966,True
k_26_9_2_61,HC,True,-0.5336800710968177,-0.5373629506011124,-0.13530069862363714,-5.554709413503467,-5.690010112127104,97,b,factor1,-0.5373629506011124,0.0,-0.5373629506011124,0.6890292099624762,True
k_26_9_2_62,HC,True,0.21416424398705658,0.21048136448276544,-0.08416748161778731,-5.605842630509317,-5.690010112127104,97,b,factor1,0.21048136448276544,0.0,0.21048136448276544,1.1570741847522898,True
k_26_9_2_63,S,True,-0.6171106426613093,-0.6207935221656022,0.12333456010561417,-5.813344672232718,-5.690010112127104,97,b,factor1,-0.6207935221656022,0.0,-0.6207935221656022,0.6503131391243295,True
k_26_9_2_66,S,True,-0.016286162943821125,-0.019969042448115815,-0.12699613622409256,-5.5630139759030115,-5.690010112127104,97,b,factor1,-0.019969042448115815,0.0,-0.019969042448115815,0.9862538674396709,True
k_26_9_2_68,S,True,0.624472297334087,0.6207894178297924,-0.07431657153537152,-5.6156935405917325,-5.690010112127104,97,b,factor1,0.6207894178297924,0.0,0.6207894178297924,1.5377163629844306,True
k_26_9_2_69,pooled QC,False,0.0,0.0,-0.08428282733753978,-5.605727284789564,-5.690010112127104,97,b,factor1,0.0,0.0,0.0,1.0,False
k_26_9_2_74,S,True,0.789688105480927,0.7860052259766359,-0.0995380198687057,-5.590472092258398,-5.690010112127104,97,b,factor1,0.7860052259766359,0.0,0.7860052259766359,1.724293336054005,True
k_26_9_2_75,HC,True,0.25822208176557737,0.25453920226128446,-0.3603775126940221,-5.329632599433082,-5.690010112127104,97,b,factor1,0.25453920226128446,0.0,0.25453920226128446,1.1929546516793263,True
k_26_9_2_76,HC,True,0.5178862715918342,0.5142033920875431,-0.08330041843298996,-5.606709693694114,-5.690010112127104,97,b,factor1,0.5142033920875431,0.0,0.5142033920875431,1.4282053148090648,True
k_26_9_2_77,S,True,0.3916883959861934,0.38800551648189874,0.196787629746483,-5.886797741873587,-5.690010112127104,97,b,factor1,0.38800551648189874,0.0,0.38800551648189874,1.308583075118876,True
k_26_9_2_78,HC,True,-0.12144756893059849,-0.12513044843489318,0.16897038715824308,-5.858980499285347,-5.690010112127104,97,b,factor1,-0.12513044843489318,0.0,-0.12513044843489318,0.9169211314798071,True
k_26_9_2_82,S,True,-0.3313443435600405,-0.3350272230643334,0.2958439109940558,-5.98585402312116,-5.690010112127104,97,b,factor1,-0.3350272230643334,0.0,-0.3350272230643334,0.7927691772395781,True
k_26_9_2_83,S,True,0.9776864821881759,0.9740036026838848,0.8421401562902577,-6.532150268417362,-5.690010112127104,97,b,factor1,0.9740036026838848,0.0,0.9740036026838848,1.9642840957116072,True
k_26_9_2_84,pooled QC,False,0.0,0.0,0.012063128244200527,-5.702073240371305,-5.690010112127104,97,b,factor1,0.0,0.0,0.0,1.0,False
k_26_9_2_85,S,True,-0.023551483676712337,-0.027234363181007026,0.4476963465518766,-6.137706458678981,-5.690010112127104,97,b,factor1,-0.027234363181007026,0.0,-0.027234363181007026,0.9812996405659972,True
k_26_9_2_86,HC,True,-0.8556749846221479,-0.859357864126439,-0.0038898019104873782,-5.686120310216617,-5.690010112127104,97,b,factor1,-0.859357864126439,0.0,-0.859357864126439,0.5511978385679304,True
k_26_9_2_87,S,True,-0.4348925530885346,-0.4385754325928275,0.4537186451855568,-6.143728757312661,-5.690010112127104,97,b,factor1,-0.4385754325928275,0.0,-0.4385754325928275,0.7378628405523315,True
k_26_9_2_88,pooled QC,False,0.0,0.0,0.14841906208781364,-5.838429174214918,-5.690010112127104,97,b,factor1,0.0,0.0,0.0,1.0,False
k_26_9_2_90,HC,True,-0.514746756919692,-0.5184296364239867,-0.17035922399388514,-5.519650888133219,-5.690010112127104,97,b,factor1,-0.5184296364239867,0.0,-0.5184296364239867,0.6981313308724116,True
k_26_9_2_91,HC,True,0.35831907926714734,0.35463619976285443,-0.004444448069035545,-5.6855656640580685,-5.690010112127104,97,b,factor1,0.35463619976285443,0.0,0.35463619976285443,1.2786631038421845,True
k_26_9_2_92,S,True,0.5260440312686114,0.5223611517643185,0.1119656392317081,-5.801975751358812,-5.690010112127104,97,b,factor1,0.5223611517643185,0.0,0.5223611517643185,1.4363040175145945,True
k_26_9_2_93,pooled QC,False,0.0,0.0,-0.05542176698050216,-5.634588345146602,-5.690010112127104,97,b,factor1,0.0,0.0,0.0,1.0,False
k_26_9_2_94,HC,True,0.3945900373050577,0.3909071578007648,0.00866920474271371,-5.698679316869818,-5.690010112127104,97,b,factor1,0.3909071578007648,0.0,0.3909071578007648,1.311217630307631,True
k_26_9_2_95,HC,True,-0.5448198565901876,-0.5485027360944787,0.1475474636835603,-5.837557575810664,-5.690010112127104,97,b,factor1,-0.5485027360944787,0.0,-0.5485027360944787,0.6837293511935157,True
k_26_9_2_96,HC,True,-0.17162464427097035,-0.17530752377526504,0.43151863443795424,-6.121528746565058,-5.690010112127104,97,b,factor1,-0.17530752377526504,0.0,-0.17530752377526504,0.8855787296949563,True
k_26_9_2_97,S,True,-0.28459512847253876,-0.28827800797683345,0.25407365693307504,-5.944083769060179,-5.690010112127104,97,b,factor1,-0.28827800797683345,0.0,-0.28827800797683345,0.8188788843292777,True
k_26_9_2_98,S,True,0.02899032346769559,0.0253074439634009,0.022648072877196945,-5.712658185004301,-5.690010112127104,97,b,factor1,0.0253074439634009,0.0,0.0253074439634009,1.0176965441151284,True
k_26_9_2_99,pooled QC,False,0.0,0.0,0.0,-5.690010112127104,-5.690010112127104,97,b,factor1,0.0,0.0,0.0,1.0,False
k_26_9_2_100,pooled QC,False,0.0,0.0,0.003500830574173719,-5.693510942701278,-5.690010112127104,97,b,factor1,0.0,0.0,0.0,1.0,False
k_26_9_2_102,HC,True,-0.671545289872121,-0.6752281693764157,0.3960896103130116,-6.086099722440116,-5.690010112127104,97,b,factor1,-0.6752281693764157,0.0,-0.6752281693764157,0.6262331695978098,True
LM_1,Internal-QC,False,0.0,0.0,5.2758563962318314,-10.965866508358936,-5.690010112127104,79,b,factor1,0.0,0.0,0.0,1.0,False
LM_2_1,Internal-QC,False,0.0,0.0,5.218564843585665,-10.90857495571277,-5.690010112127104,91,b,factor1,0.0,0.0,0.0,1.0,False
LM_2_2,Internal-QC,False,0.0,0.0,5.218564843585665,-10.90857495571277,-5.690010112127104,91,b,factor1,0.0,0.0,0.0,1.0,False
LM_3_2,Internal-QC,False,0.0,0.0,5.166707271255755,-10.85671738338286,-5.690010112127104,92,b,factor1,0.0,0.0,0.0,1.0,False
LM_3_3,Internal-QC,False,0.0,0.0,5.166707271255755,-10.85671738338286,-5.690010112127104,92,b,factor1,0.0,0.0,0.0,1.0,False
LM_4,Internal-QC,False,0.0,0.0,5.011094621554915,-10.701104733682019,-5.690010112127104,90,b,factor1,0.0,0.0,0.0,1.0,False
