sample_id,group,detected_yeast_protein_groups
k_26_9_2_2,S,2
k_26_9_2_3,HC,2
k_26_9_2_7,HC,2
k_26_9_2_8,HC,2
k_26_9_2_9,S,2
k_26_9_2_11,S,2
k_26_9_2_13,HC,2
k_26_9_2_14,S,2
k_26_9_2_16,S,2
k_26_9_2_18,HC,2
k_26_9_2_21,HC,2
k_26_9_2_22,S,2
k_26_9_2_23,HC,2
k_26_9_2_24,pooled QC,2
k_26_9_2_26,S,2
k_26_9_2_30,pooled QC,2
k_26_9_2_31,S,2
k_26_9_2_32,pooled QC,2
k_26_9_2_33,HC,2
k_26_9_2_34,HC,2
k_26_9_2_35,S,2
k_26_9_2_36,S,2
k_26_9_2_37,HC,2
k_26_9_2_38,pooled QC,2
k_26_9_2_39,pooled QC,2
k_26_9_2_43,HC,2
k_26_9_2_44,pooled QC,2
k_26_9_2_46,HC,2
k_26_9_2_47,S,2
k_26_9_2_48,HC,2
k_26_9_2_49,S,2
k_26_9_2_51,pooled QC,2
k_26_9_2_52,pooled QC,2
k_26_9_2_54,S,2
k_26_9_2_55,S,2
k_26_9_2_57,HC,2
k_26_9_2_58,pooled QC,2
k_26_9_2_59,HC,2
k_26_9_2_60,S,2
k_26_9_2_61,HC,2
k_26_9_2_62,HC,2
k_26_9_2_63,S,2
k_26_9_2_66,S,2
k_26_9_2_68,S,2
k_26_9_2_69,pooled QC,2
k_26_9_2_74,S,2
k_26_9_2_75,HC,2
k_26_9_2_76,HC,2
k_26_9_2_77,S,2
k_26_9_2_78,HC,2
k_26_9_2_82,S,2
k_26_9_2_83,S,2
k_26_9_2_84,pooled QC,2
k_26_9_2_85,S,2
k_26_9_2_86,HC,2
k_26_9_2_87,S,2
k_26_9_2_88,pooled QC,2
k_26_9_2_90,HC,2
k_26_9_2_91,HC,2
k_26_9_2_92,S,2
k_26_9_2_93,pooled QC,2
k_26_9_2_94,HC,2
k_26_9_2_95,HC,2
k_26_9_2_96,HC,2
k_26_9_2_97,S,2
k_26_9_2_98,S,2
k_26_9_2_99,pooled QC,2
k_26_9_2_100,pooled QC,2
k_26_9_2_102,HC,2
LM_1,Internal-QC,0
LM_2_1,Internal-QC,2
LM_2_2,Internal-QC,2
LM_3_2,Internal-QC,2
LM_3_3,Internal-QC,2
LM_4,Internal-QC,2
