Protein.Group,Protein.Ids,Protein.Names,Genes,First.Protein.Description,total_detected,Internal-QC_detected_n,Internal-QC_detection_rate_pct,Internal-QC_CV_pct,pooled QC_detected_n,pooled QC_detection_rate_pct,pooled QC_CV_pct,HC_detected_n,HC_detection_rate_pct,HC_CV_pct,S_detected_n,S_detection_rate_pct,S_CV_pct
A0A023PZB8,A0A023PZB8,YE079_YEAST,YER079C-A,Putative uncharacterized membrane protein YER079C-A,22,0,0.0,,4,26.666666666666668,,8,29.62962962962963,,10,37.03703703703704,
O13535,O13527;O13535;P0C2I2;P0C2I3;P0C2I5;P0C2I6;P0C2I7;P0C2I9;P0C2J0;P0C2J1;P47098;P47100;Q03434;Q03612;Q03619;Q03855;Q04214;Q04670;Q04711;Q07793;Q12088;Q12112;Q12141;Q12193;Q12269;Q12273;Q12316;Q12414;Q12490;Q92393;Q99231;Q99337,YH11B_YEAST,TY1B-H,Transposon Ty1-H Gag-Pol polyprotein,37,0,0.0,,10,66.66666666666667,,10,37.03703703703704,,17,62.96296296296296,
O13559;P0CX14;P0CX15;P0CX20;P0CX21;P0CX22;P40105;P53819,O13559;P0CX20;P0CX14;P0CX15;P0CX21;P0CX22;P40105;P40434;P40889;P53819;Q03099;Q07888;Q08995;Q3E7X8;Q99208;P38721;Q7M4S9;P38900,YRF11_YEAST;YRF12_YEAST;YRF13_YEAST;YRF14_YEAST;YRF15_YEAST;YRF16_YEAST;YRF17_YEAST;YRF18_YEAST,YRF1-1;YRF1-2;YRF1-3;YRF1-4;YRF1-5;YRF1-6;YRF1-7;YRF1-8,Y' element ATP-dependent helicase protein 1 copy 4,35,0,0.0,,10,66.66666666666667,,10,37.03703703703704,,15,55.55555555555556,
O14467,O14467,MBF1_YEAST,MBF1,Multiprotein-bridging factor 1,68,0,0.0,,15,100.0,18.814377940330857,27,100.0,58.64955184233044,26,96.29629629629629,63.523259765953746
P00330,P00330;P00331;P07246,ADH1_YEAST,ADH1,Alcohol dehydrogenase 1,68,0,0.0,,15,100.0,12.847867068285202,27,100.0,49.944841683535074,26,96.29629629629629,56.56463037932087
P00331,P00331,ADH2_YEAST,ADH2,Alcohol dehydrogenase 2,66,0,0.0,,14,93.33333333333333,35.63393086518101,26,96.29629629629629,47.18483352136725,26,96.29629629629629,72.92360212347123
P00358,P00358,G3P2_YEAST,TDH2,Glyceraldehyde-3-phosphate dehydrogenase 2,17,0,0.0,,1,6.666666666666667,,10,37.03703703703704,,6,22.22222222222222,
P00359,P00358;P00359,G3P3_YEAST,TDH3,Glyceraldehyde-3-phosphate dehydrogenase 3,69,0,0.0,,15,100.0,8.155173680196356,27,100.0,53.01353244257334,27,100.0,73.73290216903457
P00360,O14556;P00358;P00359;P00360,G3P1_YEAST,TDH1,Glyceraldehyde-3-phosphate dehydrogenase 1,69,0,0.0,,15,100.0,8.568622813594418,27,100.0,49.44002514094991,27,100.0,71.20746383574051
P00445,P00445,SODC_YEAST,SOD1,Superoxide dismutase [Cu-Zn],70,1,16.666666666666668,,15,100.0,11.36539865205917,27,100.0,55.69807606692553,27,100.0,77.3842647439076
P00549,P00549;P52489,KPYK1_YEAST,CDC19,Pyruvate kinase 1,66,0,0.0,,15,100.0,30.617937509560296,27,100.0,59.46443999396832,24,88.88888888888889,59.10952969068358
P00560,P00560,PGK_YEAST,PGK1,Phosphoglycerate kinase,74,5,83.33333333333333,55.79390819611361,15,100.0,5.265735856530372,27,100.0,51.80915096935927,27,100.0,73.28850127640887
P00817,P00817,IPYR_YEAST,IPP1,Inorganic pyrophosphatase,69,0,0.0,,15,100.0,16.112082042322232,27,100.0,55.00423670760105,27,100.0,66.9999063147736
P00830,P00830,ATPB_YEAST,ATP2,"ATP synthase subunit beta, mitochondrial",58,0,0.0,,12,80.0,10.385023687979979,23,85.18518518518519,39.667802133763615,23,85.18518518518519,27.993121201481042
P00890,P00890,CISY1_YEAST,CIT1,"Citrate synthase, mitochondrial",69,0,0.0,,15,100.0,18.916240236436522,27,100.0,52.394202701755916,27,100.0,68.12428112797613
P00924,P00924,ENO1_YEAST,ENO1,Enolase 1,74,5,83.33333333333333,26.86798671488537,15,100.0,4.574923472285867,27,100.0,44.63011241762084,27,100.0,66.52819245657678
P00925,P00925,ENO2_YEAST,ENO2,Enolase 2,74,5,83.33333333333333,15.52103190602518,15,100.0,8.984974034110294,27,100.0,45.0645862680827,27,100.0,62.993368066366656
P00942,P00942,TPIS_YEAST,TPI1,Triosephosphate isomerase,69,0,0.0,,15,100.0,23.07856716787892,27,100.0,68.6694855338868,27,100.0,89.02499961448791
P00950,P00950,PMG1_YEAST,GPM1,Phosphoglycerate mutase 1,69,0,0.0,,15,100.0,7.682547533885437,27,100.0,52.116418650119975,27,100.0,68.86803056538861
P01094,P01094,IPA3_YEAST,PAI3,Protease A inhibitor 3,69,0,0.0,,15,100.0,12.653865915982504,27,100.0,54.27122553315026,27,100.0,67.37186424931501
P01097,P01097,ATIF_YEAST,INH1,"F(1)-ATPase inhibitor IF(1), mitochondrial",20,0,0.0,,3,20.0,,8,29.62962962962963,,9,33.333333333333336,
P01098,P01098,STF1_YEAST,STF1,"F(1)-ATPase inhibitor STF1, mitochondrial",43,0,0.0,,8,53.333333333333336,,19,70.37037037037037,56.83934815740791,16,59.25925925925926,
P01120,P01120,RAS2_YEAST,RAS2,Ras-like protein 2,68,0,0.0,,15,100.0,29.991631880714746,27,100.0,58.89848209185178,26,96.29629629629629,65.19976574466506
P02293;P02294,P02293;P02294,H2B1_YEAST;H2B2_YEAST,HTB1;HTB2,Histone H2B.1,72,6,100.0,202.335495084591,15,100.0,18.366228735568033,24,88.88888888888889,178.13976456494703,27,100.0,91.16933699753692
P02829,P02829;P15108,HSP82_YEAST,HSP82,ATP-dependent molecular chaperone HSP82,64,5,83.33333333333333,131.02249753990915,12,80.0,50.772956538494846,24,88.88888888888889,42.377453512114535,23,85.18518518518519,44.27667313508642
P02994,P02994,EF1A_YEAST,TEF1,Elongation factor 1-alpha,67,0,0.0,,15,100.0,20.335369956297658,27,100.0,40.142661089102035,25,92.5925925925926,101.11460082443375
P03962,P03962,PYRF_YEAST,URA3,Orotidine 5'-phosphate decarboxylase,3,0,0.0,,2,13.333333333333334,,0,0.0,,1,3.7037037037037037,
P04173,P04173,LEU3_YEAST,LEU2,3-isopropylmalate dehydrogenase,69,0,0.0,,15,100.0,18.41422394606956,27,100.0,37.39248745627828,27,100.0,68.35640246271433
P04650,P04650,RL39_YEAST,RPL39,Large ribosomal subunit protein eL39,36,0,0.0,,5,33.333333333333336,,9,33.333333333333336,,22,81.48148148148148,41.42774675331029
P05373,P05373,HEM2_YEAST,HEM2,Delta-aminolevulinic acid dehydratase,65,0,0.0,,15,100.0,23.893039596861907,27,100.0,65.89523867586048,23,85.18518518518519,162.32183751338974
P05694,P05694,METE_YEAST,MET6,5-methyltetrahydropteroyltriglutamate--homocysteine methyltransferase,67,0,0.0,,14,93.33333333333333,30.09098877339593,26,96.29629629629629,51.307766337789744,27,100.0,79.69221801932882
P05739,P05739;Q02326,RL6B_YEAST,RPL6B,Large ribosomal subunit protein eL6B,9,0,0.0,,2,13.333333333333334,,4,14.814814814814815,,3,11.11111111111111,
P05743;P53221,P53221;P05743,RL26A_YEAST;RL26B_YEAST,RPL26A;RPL26B,Large ribosomal subunit protein uL24A,37,0,0.0,,7,46.666666666666664,,15,55.55555555555556,,15,55.55555555555556,
P05759;P0CG63;P0CH08;P0CH09,P05759;P0CG63;P0CH08;P0CH09,RL40A_YEAST;RL40B_YEAST;RS31_YEAST;UBI4P_YEAST,RPL40A;RPL40B;RPS31;UBI4,Ubiquitin-ribosomal protein eS31 fusion protein,62,2,33.333333333333336,,13,86.66666666666667,48.8138703951464,24,88.88888888888889,69.64985821479925,23,85.18518518518519,69.78879797113629
P06168,P06168,ILV5_YEAST,ILV5,"Ketol-acid reductoisomerase, mitochondrial",69,0,0.0,,15,100.0,5.317072593924458,27,100.0,50.97852647876495,27,100.0,77.25979612791136
P07170,P07170,KAD2_YEAST,ADK1,Adenylate kinase,25,0,0.0,,6,40.0,,12,44.44444444444444,,7,25.925925925925927,
P07280;P07281,P07280;P07281,RS19A_YEAST;RS19B_YEAST,RPS19A;RPS19B,Small ribosomal subunit protein eS19A,57,0,0.0,,14,93.33333333333333,36.6991392931306,20,74.07407407407408,53.06175048872635,23,85.18518518518519,67.29016783560763
P07283,P07283,PMM_YEAST,SEC53,Phosphomannomutase,68,0,0.0,,15,100.0,19.621246207858874,27,100.0,23.074414206910063,26,96.29629629629629,32.547693076722155
P07806-2,P07806;P07806-2,SYV_YEAST,VAS1,"Isoform Cytoplasmic of Valine--tRNA ligase, mitochondrial",50,0,0.0,,11,73.33333333333333,40.04994629979853,23,85.18518518518519,56.93037287669998,16,59.25925925925926,
P08524,P08524,ERG20_YEAST,ERG20,Farnesyl pyrophosphate synthase,18,0,0.0,,3,20.0,,7,25.925925925925927,,8,29.62962962962963,
P09435,P09435,HSP73_YEAST,SSA3,Heat shock protein SSA3,72,3,50.0,,15,100.0,4.101046293529971,27,100.0,10.871390679109705,27,100.0,22.951957112181386
P09733,P09733,TBA1_YEAST,TUB1,Tubulin alpha-1 chain,35,0,0.0,,9,60.0,,15,55.55555555555556,,11,40.74074074074074,
P09938,P09938,RIR2_YEAST,RNR2,Ribonucleoside-diphosphate reductase small chain 1,52,0,0.0,,12,80.0,24.115198649470916,19,70.37037037037037,54.628501753614245,21,77.77777777777777,60.35207190076995
P0C0W9;Q3E757,P0C0W9;Q3E757,RL11A_YEAST;RL11B_YEAST,RPL11A;RPL11B,Large ribosomal subunit protein uL5A,66,0,0.0,,15,100.0,26.03369880859222,27,100.0,57.69874715892919,24,88.88888888888889,75.85680058351608
P0C2H8;P0C2H9,P0C2H8;P0C2H9,RL31A_YEAST;RL31B_YEAST,RPL31A;RPL31B,Large ribosomal subunit protein eL31A,55,0,0.0,,13,86.66666666666667,27.505078382490797,16,59.25925925925926,,26,96.29629629629629,47.058068153351506
P0CS90,P0CS90;P39987,HSP77_YEAST,SSC1,"Import motor subunit, mitochondrial",63,0,0.0,,13,86.66666666666667,35.506140981113354,26,96.29629629629629,57.88344021533987,24,88.88888888888889,66.97558282786396
P0CT04,P0CT04,IPB2_YEAST,PBI2,Protease B inhibitor 2,66,0,0.0,,15,100.0,29.544078993194443,27,100.0,42.990047642988756,24,88.88888888888889,54.59376284848893
P0CX82;P0CX83,P0CX82;P0CX83,RL19A_YEAST;RL19B_YEAST,RPL19A;RPL19B,Large ribosomal subunit protein eL19A,69,0,0.0,,15,100.0,14.393656663020531,27,100.0,50.20226082352234,27,100.0,76.8506997655385
P10591,P10591;P10592,HSP71_YEAST,SSA1,Heat shock protein SSA1,48,0,0.0,,9,60.0,,20,74.07407407407408,50.24468511323498,19,70.37037037037037,55.53701161683083
P11076,P11076;P19146,ARF1_YEAST,ARF1,ADP-ribosylation factor 1,69,0,0.0,,15,100.0,16.005237332466972,27,100.0,24.260956100307734,27,100.0,39.03320306160125
P11484,P11484;P40150,SSB1_YEAST,SSB1,Ribosome-associated molecular chaperone SSB1,46,0,0.0,,10,66.66666666666667,,19,70.37037037037037,56.08622765433188,17,62.96296296296296,
P12695,P12695,ODP2_YEAST,LAT1,"Dihydrolipoyllysine-residue acetyltransferase component of pyruvate dehydrogenase complex, mitochondrial",24,0,0.0,,4,26.666666666666668,,13,48.148148148148145,,7,25.925925925925927,
P13433,P13433,RPOM_YEAST,RPO41,"DNA-directed RNA polymerase, mitochondrial",25,0,0.0,,4,26.666666666666668,,10,37.03703703703704,,11,40.74074074074074,
P13856,P13856,RSR1_YEAST,RSR1,Ras-related protein RSR1,28,0,0.0,,3,20.0,,15,55.55555555555556,,10,37.03703703703704,
P14065,P14065,GCY1_YEAST,GCY1,Glycerol 2-dehydrogenase (NADP(+)),63,0,0.0,,13,86.66666666666667,45.428445735875734,26,96.29629629629629,52.74166513792681,24,88.88888888888889,73.23842079624445
P14306,P14306,CPYI_YEAST,TFS1,Carboxypeptidase Y inhibitor,69,0,0.0,,15,100.0,10.782270904873078,27,100.0,49.23920502689522,27,100.0,72.5160994624085
P14540,P14540,ALF_YEAST,FBA1,Fructose-bisphosphate aldolase,74,5,83.33333333333333,29.921425554638308,15,100.0,8.008173935072108,27,100.0,50.36146042253064,27,100.0,70.13928174891115
P14832,P14832,CYPH_YEAST,CPR1,Peptidyl-prolyl cis-trans isomerase,71,2,33.333333333333336,,15,100.0,5.494663701026676,27,100.0,49.17893548840344,27,100.0,69.66928710196377
P15019,P37837;P37837-2;P15019;P53228,TAL1_YEAST,TAL1,Transaldolase,74,5,83.33333333333333,21.107939549934436,15,100.0,6.2625502770277715,27,100.0,49.208080996573266,27,100.0,67.04653920908609
P15454,P15454,KGUA_YEAST,GUK1,Guanylate kinase,20,0,0.0,,2,13.333333333333334,,8,29.62962962962963,,10,37.03703703703704,
P15992,P15992,HSP26_YEAST,HSP26,Heat shock protein 26,19,0,0.0,,1,6.666666666666667,,8,29.62962962962963,,10,37.03703703703704,
P16120,P16120,THRC_YEAST,THR4,Threonine synthase,69,0,0.0,,15,100.0,17.13027158128186,27,100.0,45.698629129054716,27,100.0,55.816669728874736
P16474,P16474,BIP_YEAST,KAR2,Endoplasmic reticulum chaperone BiP,35,0,0.0,,7,46.666666666666664,,16,59.25925925925926,,12,44.44444444444444,
P16547,P16547,OM45_YEAST,OM45,Mitochondrial outer membrane protein OM45,63,1,16.666666666666668,,13,86.66666666666667,31.78628057414682,24,88.88888888888889,29.982245266795214,25,92.5925925925926,26.659869914959717
P16550,P16550,APA1_YEAST,APA1,Protein APA1,35,0,0.0,,5,33.333333333333336,,19,70.37037037037037,42.37907752710875,11,40.74074074074074,
P17695-2,P17695-2,GLRX2_YEAST,GRX2,Isoform Cytoplasmic of Glutaredoxin-2,69,0,0.0,,15,100.0,8.124950830110299,27,100.0,50.999045778056065,27,100.0,71.43020127572852
P18759,Q8IYT4;Q8IYT4-2;P18759,SEC18_YEAST,SEC18,Vesicular-fusion protein SEC18,72,3,50.0,,15,100.0,8.032991512730323,27,100.0,9.39630363571485,27,100.0,14.944330898291456
P19097,P19097,FAS2_YEAST,FAS2,Fatty acid synthase subunit alpha,27,0,0.0,,4,26.666666666666668,,12,44.44444444444444,,11,40.74074074074074,
P19414,P19414,ACON_YEAST,ACO1,"Aconitate hydratase, mitochondrial",71,2,33.333333333333336,,15,100.0,11.4598131610749,27,100.0,50.476160101737804,27,100.0,70.0923735785905
P19807,P19807,HNM1_YEAST,HNM1,Choline transporter,32,0,0.0,,8,53.333333333333336,,10,37.03703703703704,,14,51.851851851851855,
P20081,P20081,FKBP_YEAST,FPR1,FK506-binding protein 1,24,0,0.0,,3,20.0,,9,33.333333333333336,,12,44.44444444444444,
P21691,P21691,SIR1_YEAST,SIR1,Regulatory protein SIR1,33,0,0.0,,8,53.333333333333336,,11,40.74074074074074,,14,51.851851851851855,
P21801,P21801,SDHB_YEAST,SDH2,"Succinate dehydrogenase [ubiquinone] iron-sulfur subunit, mitochondrial",59,0,0.0,,14,93.33333333333333,12.084631620629636,21,77.77777777777777,54.315869557308005,24,88.88888888888889,44.56318987591804
P22137,P22137,CLH_YEAST,CHC1,Clathrin heavy chain,69,2,33.333333333333336,,15,100.0,17.42681195539158,27,100.0,34.86299055339636,25,92.5925925925926,34.626459698081014
P22696,P22696,ESS1_YEAST,ESS1,Peptidyl-prolyl cis-trans isomerase ESS1,27,0,0.0,,4,26.666666666666668,,12,44.44444444444444,,11,40.74074074074074,
P22803,P22217;P22803,TRX2_YEAST,TRX2,Thioredoxin-2,24,0,0.0,,4,26.666666666666668,,12,44.44444444444444,,8,29.62962962962963,
P22943,P22943,HSP12_YEAST,HSP12,12 kDa heat shock protein,69,0,0.0,,15,100.0,5.6327451554619365,27,100.0,48.54185620468291,27,100.0,79.78602836870316
P23254,P23254,TKT1_YEAST,TKL1,Transketolase 1,74,5,83.33333333333333,80.89345382689172,15,100.0,5.694496740825624,27,100.0,50.099261080360336,27,100.0,74.57026668533592
P23291;P23292,P23291;P23292,KC11_YEAST;KC12_YEAST,YCK1;YCK2,Casein kinase I homolog 1,51,0,0.0,,13,86.66666666666667,11.58687410440379,17,62.96296296296296,,21,77.77777777777777,19.483632643370324
P23301,P23301,IF5A1_YEAST,HYP2,Eukaryotic translation initiation factor 5A-1,69,0,0.0,,15,100.0,11.800820587501796,27,100.0,54.12039273872027,27,100.0,71.46840973879961
P23542,P23542,AATC_YEAST,AAT2,"Aspartate aminotransferase, cytoplasmic",55,0,0.0,,11,73.33333333333333,57.44366493962408,25,92.5925925925926,46.1572809677238,19,70.37037037037037,43.74974720613535
P23594,P23594;P23595,PP2A1_YEAST,PPH21,Serine/threonine-protein phosphatase PP2A-1 catalytic subunit,72,4,66.66666666666667,,15,100.0,27.143911897609975,27,100.0,27.785366935909757,26,96.29629629629629,26.39104265211075
P24000,P04449;P24000,RL24B_YEAST,RPL24B,Large ribosomal subunit protein eL24B,68,0,0.0,,15,100.0,8.22841644283297,27,100.0,11.403239312665816,26,96.29629629629629,18.470233876958787
P25349,P25349,YCP4_YEAST,YCP4,Flavoprotein-like protein YCP4,16,0,0.0,,3,20.0,,6,22.22222222222222,,7,25.925925925925927,
P25719,P25719,CYPC_YEAST,CPR3,"Peptidyl-prolyl cis-trans isomerase C, mitochondrial",57,0,0.0,,13,86.66666666666667,42.02388006992323,20,74.07407407407408,53.44393225044223,24,88.88888888888889,63.63052035755875
P29952,P29952,MPI_YEAST,PMI40,Mannose-6-phosphate isomerase,15,0,0.0,,3,20.0,,5,18.51851851851852,,7,25.925925925925927,
P31111,P31111,ZIP1_YEAST,ZIP1,Synaptonemal complex protein ZIP1,7,0,0.0,,1,6.666666666666667,,4,14.814814814814815,,2,7.407407407407407,
P31116,P31116,DHOM_YEAST,HOM6,Homoserine dehydrogenase,69,0,0.0,,15,100.0,7.511068641254326,27,100.0,53.11399988736386,27,100.0,76.58804925462391
P31334,P31334,RM09_YEAST,MRPL9,Large ribosomal subunit protein uL3m,9,0,0.0,,0,0.0,,7,25.925925925925927,,2,7.407407407407407,
P32179,P32179,MET22_YEAST,MET22,"3'(2'),5'-bisphosphate nucleotidase",14,0,0.0,,4,26.666666666666668,,6,22.22222222222222,,4,14.814814814814815,
P32263,P32263,P5CR_YEAST,PRO3,Pyrroline-5-carboxylate reductase,17,0,0.0,,1,6.666666666666667,,11,40.74074074074074,,5,18.51851851851852,
P32419,P32419,MDHP_YEAST,MDH3,"Malate dehydrogenase, peroxisomal",15,0,0.0,,5,33.333333333333336,,3,11.11111111111111,,7,25.925925925925927,
P32454,P32454,APE2_YEAST,APE2,"Aminopeptidase 2, mitochondrial",1,0,0.0,,0,0.0,,0,0.0,,1,3.7037037037037037,
P32478,P32478,HS150_YEAST,HSP150,Cell wall mannoprotein HSP150,12,0,0.0,,1,6.666666666666667,,5,18.51851851851852,,6,22.22222222222222,
P32499,P32499,NUP2_YEAST,NUP2,Nucleoporin NUP2,30,0,0.0,,7,46.666666666666664,,17,62.96296296296296,,6,22.22222222222222,
P32589,P32589,HSP7F_YEAST,SSE1,Heat shock protein homolog SSE1,14,0,0.0,,4,26.666666666666668,,3,11.11111111111111,,7,25.925925925925927,
P32598,P32598,PP12_YEAST,GLC7,Serine/threonine-protein phosphatase PP1-2,34,2,33.333333333333336,,11,73.33333333333333,28.12358940513756,12,44.44444444444444,,9,33.333333333333336,
P32771,P32771,FADH_YEAST,SFA1,S-(hydroxymethyl)glutathione dehydrogenase,0,0,0.0,,0,0.0,,0,0.0,,0,0.0,
P32860,P32860,NFU1_YEAST,NFU1,"NifU-like protein, mitochondrial",13,0,0.0,,2,13.333333333333334,,6,22.22222222222222,,5,18.51851851851852,
P32911,P32911,SUI1_YEAST,SUI1,Eukaryotic translation initiation factor eIF-1,31,0,0.0,,5,33.333333333333336,,15,55.55555555555556,,11,40.74074074074074,
P33317,P33317,DUT_YEAST,DUT1,Deoxyuridine 5'-triphosphate nucleotidohydrolase,11,0,0.0,,1,6.666666666666667,,4,14.814814814814815,,6,22.22222222222222,
P33332,P33332,SEC3_YEAST,SEC3,Exocyst complex component SEC3,66,0,0.0,,15,100.0,8.955300863650086,26,96.29629629629629,15.715135735447761,25,92.5925925925926,34.25718876989661
P33894,P33894,STE13_YEAST,STE13,Dipeptidyl aminopeptidase A,54,0,0.0,,12,80.0,28.451039346673813,21,77.77777777777777,52.23542640984494,21,77.77777777777777,59.705802269760085
P34730,P29311;P34730,BMH2_YEAST,BMH2,Protein BMH2,41,0,0.0,,10,66.66666666666667,,16,59.25925925925926,,15,55.55555555555556,
P35691,P35691,TCTP_YEAST,TMA19,Translationally-controlled tumor protein homolog,69,0,0.0,,15,100.0,19.513305494606442,27,100.0,47.06003973317984,27,100.0,79.16375296661094
P35719,P35719,MRP8_YEAST,MRP8,Uncharacterized protein MRP8,34,0,0.0,,6,40.0,,15,55.55555555555556,,13,48.148148148148145,
P35995,P35995,YKW2_YEAST,YKL222C,Uncharacterized transcriptional regulatory protein YKL222C,69,0,0.0,,15,100.0,11.488231038997096,27,100.0,18.629636501521937,27,100.0,24.439781134762494
P36022,P36022,DYHC_YEAST,DYN1,"Dynein heavy chain, cytoplasmic",69,0,0.0,,15,100.0,7.898549089216988,27,100.0,32.06653381075025,27,100.0,19.76953378962112
P36029,P36029,TPO5_YEAST,TPO5,Polyamine transporter TPO5,67,0,0.0,,15,100.0,32.52759116664941,26,96.29629629629629,30.38814573957411,26,96.29629629629629,34.88975069508012
P36076,P36076,CAB3_YEAST,CAB3,Coenzyme A biosynthesis protein 3,10,0,0.0,,2,13.333333333333334,,5,18.51851851851852,,3,11.11111111111111,
P36139,P36139,PET10_YEAST,PET10,Protein PET10,30,0,0.0,,6,40.0,,13,48.148148148148145,,11,40.74074074074074,
P36224,P36224,JNM1_YEAST,JNM1,Nuclear migration protein JNM1,66,1,16.666666666666668,,15,100.0,12.704978977873507,25,92.5925925925926,19.077169704534082,25,92.5925925925926,29.899028194457227
P37012,P37012,PGM2_YEAST,PGM2,Phosphoglucomutase 2,69,0,0.0,,15,100.0,6.237538127581964,27,100.0,47.203201686920586,27,100.0,66.98747220520632
P38088;P38088-2,P38088;P38088-2,SYG_YEAST,GRS1,"Glycine--tRNA ligase 1, mitochondrial",18,0,0.0,,1,6.666666666666667,,11,40.74074074074074,,6,22.22222222222222,
P38113,P38113,ADH5_YEAST,ADH5,Alcohol dehydrogenase 5,1,0,0.0,,0,0.0,,0,0.0,,1,3.7037037037037037,
P38156,P38156,MAL31_YEAST,MAL31,Maltose permease MAL31,69,0,0.0,,15,100.0,17.19847412488315,27,100.0,40.92527946401226,27,100.0,72.38694104212527
P38158;P53341,P38158;P53341,MAL12_YEAST;MAL32_YEAST,MAL12;MAL32,Alpha-glucosidase MAL32,43,0,0.0,,10,66.66666666666667,,17,62.96296296296296,,16,59.25925925925926,
P38167,P38167,ECM21_YEAST,ECM21,Protein ECM21,59,0,0.0,,13,86.66666666666667,44.1303970361638,23,85.18518518518519,118.44612777920784,23,85.18518518518519,46.54004738358567
P38248,P38248,ECM33_YEAST,ECM33,Cell wall protein ECM33,55,0,0.0,,12,80.0,18.39869766361719,25,92.5925925925926,48.58506033454131,18,66.66666666666667,
P38250,P38250,IST2_YEAST,IST2,Increased sodium tolerance protein 2,58,0,0.0,,12,80.0,57.2158172569608,24,88.88888888888889,68.41386498462956,22,81.48148148148148,99.9377049146359
P38555,P38555,YPT31_YEAST,YPT31,GTP-binding protein YPT31/YPT8,72,3,50.0,,15,100.0,6.140589678011709,27,100.0,8.983188295752823,27,100.0,20.438098077195434
P38616,P38616,YGP1_YEAST,YGP1,Protein YGP1,52,0,0.0,,9,60.0,,21,77.77777777777777,67.90522996050007,22,81.48148148148148,67.30579120562813
P38636,P38636,ATX1_YEAST,ATX1,Copper chaperone ATX1,48,0,0.0,,11,73.33333333333333,17.704168311845926,19,70.37037037037037,21.147117392441075,18,66.66666666666667,
P38749,P38749,YAP3_YEAST,YAP3,AP-1-like transcription factor YAP3,25,0,0.0,,4,26.666666666666668,,7,25.925925925925927,,14,51.851851851851855,
P38773,P38773;P38774,DOG2_YEAST,DOG2,2-deoxyglucose-6-phosphate phosphatase 2,50,0,0.0,,12,80.0,37.53975749711195,19,70.37037037037037,46.01429467958731,19,70.37037037037037,43.76106870125733
P38804,P38804,SDO1L_YEAST,RTC3,Restriction of telomere capping protein 3,69,0,0.0,,15,100.0,10.888837788188603,27,100.0,54.13856189954037,27,100.0,75.76853958880281
P38809,P38809,YHP7_YEAST,YHR097C,Uncharacterized protein YHR097C,17,0,0.0,,1,6.666666666666667,,8,29.62962962962963,,8,29.62962962962963,
P38811,P38811,TRA1_YEAST,TRA1,SAGA complex/NuA4 acetyltransferase complex subunit TRA1,69,0,0.0,,15,100.0,17.141603255221575,27,100.0,16.717289228436233,27,100.0,27.142328958541317
P38845,P38845,CRP1_YEAST,CRP1,Cruciform DNA-recognizing protein 1,55,0,0.0,,11,73.33333333333333,41.96346207948983,23,85.18518518518519,51.22632553132377,21,77.77777777777777,72.59163763539142
P38872,P38872,ADY1_YEAST,PFS1,Prospore formation at selected spindle poles protein 1,69,0,0.0,,15,100.0,16.38589767371303,27,100.0,17.081794807836115,27,100.0,30.155600289470872
P38879,P38879,NACA_YEAST,EGD2,Nascent polypeptide-associated complex subunit alpha,67,0,0.0,,14,93.33333333333333,21.235693964508755,27,100.0,59.498637866606565,26,96.29629629629629,77.80158529251239
P38893,P38893,YH10_YEAST,YHR210C,Uncharacterized isomerase YHR210C,66,0,0.0,,15,100.0,21.425303612081436,26,96.29629629629629,53.788290720426104,25,92.5925925925926,81.30448786141447
P38934,P38934,BFR1_YEAST,BFR1,Nuclear segregation protein BFR1,21,0,0.0,,6,40.0,,7,25.925925925925927,,8,29.62962962962963,
P38999,P38999,LYS9_YEAST,LYS9,"Saccharopine dehydrogenase [NADP(+), L-glutamate-forming]",47,0,0.0,,9,60.0,,22,81.48148148148148,53.639542076191105,16,59.25925925925926,
P39015,P39015,STM1_YEAST,STM1,Suppressor protein STM1,33,0,0.0,,6,40.0,,13,48.148148148148145,,14,51.851851851851855,
P39081,P39081,PCF11_YEAST,PCF11,Protein PCF11,61,0,0.0,,15,100.0,36.86694160803466,25,92.5925925925926,44.67014244153018,21,77.77777777777777,42.54300564190408
P39538,P39538,UBP12_YEAST,UBP12,Ubiquitin carboxyl-terminal hydrolase 12,56,0,0.0,,12,80.0,87.48742868693274,25,92.5925925925926,23.994702634974505,19,70.37037037037037,58.09248908978502
P39935,P39935,IF4F1_YEAST,TIF4631,Eukaryotic initiation factor 4F subunit p150,30,0,0.0,,3,20.0,,14,51.851851851851855,,13,48.148148148148145,
P39936,P39936,IF4F2_YEAST,TIF4632,Eukaryotic initiation factor 4F subunit p130,39,0,0.0,,10,66.66666666666667,,13,48.148148148148145,,16,59.25925925925926,
P39954,P39954,SAHH_YEAST,SAH1,Adenosylhomocysteinase,68,0,0.0,,15,100.0,19.763382241883267,26,96.29629629629629,24.22881219250199,27,100.0,38.27191600864528
P40029,P40029,MSRA_YEAST,MXR1,Peptide methionine sulfoxide reductase,29,0,0.0,,4,26.666666666666668,,13,48.148148148148145,,12,44.44444444444444,
P40040,P40040,THO1_YEAST,THO1,Protein THO1,69,0,0.0,,15,100.0,16.133350724115523,27,100.0,42.47148089615088,27,100.0,34.97435350986738
P40043,P40043,RGI1_YEAST,RGI1,Respiratory growth induced protein 1,65,0,0.0,,13,86.66666666666667,33.866602283324426,25,92.5925925925926,60.30272419764448,27,100.0,75.29335503602866
P40086,P40086,COX15_YEAST,COX15,Heme A synthase COX15,75,6,100.0,95.09869885467776,15,100.0,31.347192081845172,27,100.0,24.946693026095705,27,100.0,86.19031957037421
P40106,P40106,GPP2_YEAST,GPP2,Glycerol-1-phosphate phosphohydrolase 2,69,0,0.0,,15,100.0,8.984929829007427,27,100.0,52.531339543307084,27,100.0,73.00870590869283
P40185,P40185,MMF1_YEAST,MMF1,"Protein MMF1, mitochondrial",70,1,16.666666666666668,,15,100.0,6.891605391949386,27,100.0,52.2198764212083,27,100.0,74.37460875287836
P40413,P40413,TCPE_YEAST,CCT5,T-complex protein 1 subunit epsilon,40,0,0.0,,7,46.666666666666664,,18,66.66666666666667,,15,55.55555555555556,
P40495,P40495,LYS12_YEAST,LYS12,"Homoisocitrate dehydrogenase, mitochondrial",3,0,0.0,,0,0.0,,1,3.7037037037037037,,2,7.407407407407407,
P40553,P40553,DOT5_YEAST,DOT5,Peroxiredoxin DOT5,64,0,0.0,,14,93.33333333333333,22.06114990106022,26,96.29629629629629,26.04800091768499,24,88.88888888888889,46.49445170213588
P40825;P40825-2,P40825;P40825-2,SYA_YEAST,ALA1,"Alanine--tRNA ligase, mitochondrial",26,0,0.0,,2,13.333333333333334,,12,44.44444444444444,,12,44.44444444444444,
P40893,P40893,REE1_YEAST,REE1,Regulation of enolase protein 1,4,0,0.0,,0,0.0,,3,11.11111111111111,,1,3.7037037037037037,
P41338,P41338,ERG10_YEAST,ERG10,Acetyl-CoA acetyltransferase,13,0,0.0,,3,20.0,,4,14.814814814814815,,6,22.22222222222222,
P42940,P42940,ETFB_YEAST,CIR1,Electron transfer flavoprotein subunit beta,68,0,0.0,,15,100.0,20.246964541297544,27,100.0,51.07240944950928,26,96.29629629629629,70.41148644564352
P43123,P43123,UAP1_YEAST,QRI1,UDP-N-acetylglucosamine pyrophosphorylase,4,0,0.0,,0,0.0,,3,11.11111111111111,,1,3.7037037037037037,
P43567,P43567,AGX1_YEAST,AGX1,Alanine--glyoxylate aminotransferase 1,69,0,0.0,,15,100.0,8.97773396948859,27,100.0,45.550385316862396,27,100.0,67.1118271961755
P43616,P43616,DUG1_YEAST,DUG1,Cys-Gly metallodipeptidase DUG1,69,0,0.0,,15,100.0,19.882163533573202,27,100.0,49.50312679232062,27,100.0,74.977542250802
P46367,P46367,ALDH4_YEAST,ALD4,"Potassium-activated aldehyde dehydrogenase, mitochondrial",55,0,0.0,,11,73.33333333333333,12.214407940068845,22,81.48148148148148,25.915667315889714,22,81.48148148148148,28.682276675778827
P46992,P46992,TOH1_YEAST,TOH1,"Probable circularly permuted 1,3-beta-glucanase YJL171C",33,0,0.0,,5,33.333333333333336,,17,62.96296296296296,,11,40.74074074074074,
P47001,P47001,CIS3_YEAST,CIS3,Cell wall mannoprotein CIS3,69,0,0.0,,15,100.0,15.991799026233018,27,100.0,43.72680609291184,27,100.0,53.547135544212026
P47068,P47068,BBC1_YEAST,BBC1,Myosin tail region-interacting protein MTI1,57,0,0.0,,14,93.33333333333333,32.8067539254105,21,77.77777777777777,117.62187817668266,22,81.48148148148148,52.060376743003005
P47143,P47143,ADK_YEAST,ADO1,Adenosine kinase,68,0,0.0,,15,100.0,16.02348254416577,27,100.0,52.392439262759275,26,96.29629629629629,74.16202518044288
P48589,P48589,RS12_YEAST,RPS12,Small ribosomal subunit protein eS12,68,0,0.0,,15,100.0,23.867926935884856,26,96.29629629629629,58.260681206884264,27,100.0,71.92904940143504
P49954,P49954,NIT3_YEAST,NIT3,Omega-amidase NIT3,52,0,0.0,,11,73.33333333333333,62.9585932371551,21,77.77777777777777,43.90738492102585,20,74.07407407407408,81.24728531706646
P50107,P50107,LGUL_YEAST,GLO1,Glyoxalase I,69,0,0.0,,15,100.0,19.911987371481093,27,100.0,43.09076939374729,27,100.0,54.748866842690994
P53153,P53153,LCL3_YEAST,LCL3,Probable endonuclease LCL3,69,0,0.0,,15,100.0,13.889588323271006,27,100.0,51.926850569166675,27,100.0,46.250546530871915
P53228,P53228,TAL2_YEAST,NQM1,Transaldolase NQM1,32,0,0.0,,6,40.0,,14,51.851851851851855,,12,44.44444444444444,
P53235,P53235,EIF2A_YEAST,YGR054W,Eukaryotic translation initiation factor 2A,34,0,0.0,,6,40.0,,16,59.25925925925926,,12,44.44444444444444,
P53312,P53312,SUCB_YEAST,LSC2,"Succinate--CoA ligase [ADP-forming] subunit beta, mitochondrial",68,0,0.0,,15,100.0,19.838332691475884,27,100.0,46.60615140538443,26,96.29629629629629,67.81301221328117
P53598,P53598,SUCA_YEAST,LSC1,"Succinate--CoA ligase [ADP-forming] subunit alpha, mitochondrial",58,0,0.0,,11,73.33333333333333,47.445410044175176,26,96.29629629629629,42.82371728468258,21,77.77777777777777,59.27366593255547
P53757,P53757,YN9A_YEAST,YNR071C,Uncharacterized isomerase YNR071C,68,0,0.0,,15,100.0,16.397592279788466,27,100.0,44.38571012645489,26,96.29629629629629,49.73002177095765
P53839,P53839,GOR1_YEAST,GOR1,Glyoxylate reductase 1,68,0,0.0,,15,100.0,17.689388542787704,27,100.0,42.11674682305341,26,96.29629629629629,59.910931517173914
P53840,P53840,TOF1_YEAST,TOF1,Topoisomerase 1-associated factor 1,69,0,0.0,,15,100.0,16.476189269882376,27,100.0,35.51238018622701,27,100.0,53.98659149432108
P53883,P53883,NOP13_YEAST,NOP13,Nucleolar protein 13,36,0,0.0,,10,66.66666666666667,,11,40.74074074074074,,15,55.55555555555556,
P53885,P53885,MDG1_YEAST,MDG1,Signal transduction protein MDG1,45,0,0.0,,10,66.66666666666667,,19,70.37037037037037,54.45785393262572,16,59.25925925925926,
P54114,P54114,ALDH3_YEAST,ALD3,Aldehyde dehydrogenase [NAD(P)+] 2,66,0,0.0,,15,100.0,31.343445611731557,27,100.0,62.237050256631434,24,88.88888888888889,69.62637926323443
P54115,P54115,ALDH6_YEAST,ALD6,"Magnesium-activated aldehyde dehydrogenase, cytosolic",64,0,0.0,,13,86.66666666666667,25.550478879856023,26,96.29629629629629,44.87927644484254,25,92.5925925925926,67.83844054102467
P60010,P60010,ACT_YEAST,ACT1,Actin,67,1,16.666666666666668,,15,100.0,40.004746702246734,26,96.29629629629629,39.801584427276474,25,92.5925925925926,51.77378037632119
Q00618,Q00618,PGTA_YEAST,BET4,Geranylgeranyl transferase type-2 subunit alpha,59,0,0.0,,14,93.33333333333333,10.252425031631379,22,81.48148148148148,19.076634516411414,23,85.18518518518519,17.91710646235061
Q01574,Q01574,ACS1_YEAST,ACS1,Acetyl-coenzyme A synthetase 1,40,0,0.0,,6,40.0,,19,70.37037037037037,50.50896941785171,15,55.55555555555556,
Q01590,Q01590,SED5_YEAST,SED5,Integral membrane protein SED5,28,0,0.0,,8,53.333333333333336,,10,37.03703703703704,,10,37.03703703703704,
Q01976;Q01976-2,Q01976;Q01976-2,ADPP_YEAST,YSA1,ADP-ribose pyrophosphatase,17,0,0.0,,2,13.333333333333334,,8,29.62962962962963,,7,25.925925925925927,
Q02647,Q02647,DYL1_YEAST,DYN2,"Dynein light chain 1, cytoplasmic",50,0,0.0,,13,86.66666666666667,29.353688025129582,16,59.25925925925926,,21,77.77777777777777,66.51784200744503
Q03178,Q03178,PIR1_YEAST,PIR1,Cell wall mannoprotein PIR1,33,0,0.0,,5,33.333333333333336,,13,48.148148148148145,,15,55.55555555555556,
Q03494;Q12501,P0C2J3;P0C2J5;P0CX63;P0CX64;P25384;Q03494;Q07791;Q12113;Q12337;Q12472;Q12491;Q12501,YD22B_YEAST;YO22B_YEAST,TY2B-DR2;TY2B-OR2,Transposon Ty2-DR2 Gag-Pol polyprotein,37,0,0.0,,13,86.66666666666667,26.677026064240508,13,48.148148148148145,,11,40.74074074074074,
Q03795,Q03795,YM30_YEAST,YMR155W,Uncharacterized membrane protein YMR155W,21,0,0.0,,4,26.666666666666668,,10,37.03703703703704,,7,25.925925925925927,
Q04304,Q04304,YMY0_YEAST,YMR090W,UPF0659 protein YMR090W,38,0,0.0,,6,40.0,,17,62.96296296296296,,15,55.55555555555556,
Q04344,Q04344,HNT1_YEAST,HNT1,Adenosine 5'-monophosphoramidase HNT1,20,0,0.0,,3,20.0,,9,33.333333333333336,,8,29.62962962962963,
Q04432,Q04432,HSP31_YEAST,HSP31,Glutathione-independent glyoxalase HSP31,69,0,0.0,,15,100.0,10.157832823597381,27,100.0,51.63565746354599,27,100.0,66.89258142753124
Q04438,Q04438,SPG4_YEAST,SPG4,Stationary phase protein 4,48,0,0.0,,12,80.0,30.793074625414526,19,70.37037037037037,59.86940533465683,17,62.96296296296296,
Q04869,Q04869,YM94_YEAST,YMR315W,Uncharacterized protein YMR315W,69,0,0.0,,15,100.0,6.132306548563988,27,100.0,51.00689150640525,27,100.0,64.80316104769214
Q04947,Q04947,RTN1_YEAST,RTN1,Reticulon-like protein 1,54,0,0.0,,10,66.66666666666667,,22,81.48148148148148,51.318070767680396,22,81.48148148148148,62.26015303785078
Q05911,Q05911,PUR8_YEAST,ADE13,Adenylosuccinate lyase,25,0,0.0,,4,26.666666666666668,,13,48.148148148148145,,8,29.62962962962963,
Q06648,Q06648,GIC2_YEAST,GIC2,GTPase-interacting component 2,54,0,0.0,,14,93.33333333333333,31.442565801382006,19,70.37037037037037,34.97005304387204,21,77.77777777777777,35.766384944966624
Q07541,Q07541,EXP1_YEAST,EXP1,ER export of PMA1 protein 1,5,0,0.0,,1,6.666666666666667,,0,0.0,,4,14.814814814814815,
Q07653,Q07653,HBT1_YEAST,HBT1,Protein HBT1,69,0,0.0,,15,100.0,25.102904203568414,27,100.0,47.23204466356404,27,100.0,63.719855732036486
Q08204,Q08204,SMC5_YEAST,SMC5,Structural maintenance of chromosomes protein 5,69,0,0.0,,15,100.0,10.335532390209087,27,100.0,19.336836032469435,27,100.0,21.043774948541206
Q08245,Q08245,ZEO1_YEAST,ZEO1,Protein ZEO1,69,0,0.0,,15,100.0,17.836642406466236,27,100.0,59.37564706679158,27,100.0,73.7636540388378
Q08742,Q08742,RDL2_YEAST,RDL2,"Thiosulfate sulfurtransferase RDL2, mitochondrial",53,0,0.0,,11,73.33333333333333,61.883220055878006,22,81.48148148148148,49.43640344987525,20,74.07407407407408,54.19335228913786
Q08911,Q08911;P0CF35,FDH1_YEAST,FDH1,Formate dehydrogenase 1,11,0,0.0,,4,26.666666666666668,,6,22.22222222222222,,1,3.7037037037037037,
Q08924,Q08924,WDR6_YEAST,RTT10,tRNA (34-2'-O)-methyltransferase regulator RTT10,45,0,0.0,,9,60.0,,20,74.07407407407408,40.05098230246589,16,59.25925925925926,
Q10740,Q10740,LKHA4_YEAST,LAP2,Leucine aminopeptidase 2,75,6,100.0,91.4918240720148,15,100.0,20.35835692163236,27,100.0,29.35140312360155,27,100.0,66.69444321112957
Q12043,Q12043,TGL5_YEAST,TGL5,Triacylglycerol lipase 5,67,0,0.0,,15,100.0,23.618041996456867,25,92.5925925925926,72.88141870308017,27,100.0,154.110493495939
Q12068,Q12068,GRE2_YEAST,GRE2,NADPH-dependent methylglyoxal reductase GRE2,61,0,0.0,,12,80.0,41.80552227852228,27,100.0,52.74662696756449,22,81.48148148148148,64.22763202864293
Q12280,Q12280,IQG1_YEAST,IQG1,Ras GTPase-activating-like protein IQG1,21,0,0.0,,4,26.666666666666668,,6,22.22222222222222,,11,40.74074074074074,
Q12305,Q12305,RDL1_YEAST,RDL1,Thiosulfate:glutathione sulfurtransferase,8,0,0.0,,1,6.666666666666667,,6,22.22222222222222,,1,3.7037037037037037,
Q12342,Q12342,LDB17_YEAST,LDB17,Protein LDB17,69,0,0.0,,15,100.0,14.800575472976115,27,100.0,18.988889483615193,27,100.0,16.30688900239883
Q12355,Q12355,PST1_YEAST,PST1,Cell wall mannoprotein PST1,48,0,0.0,,12,80.0,53.93701347843297,19,70.37037037037037,46.88887356774258,17,62.96296296296296,
Q12395,Q12395,DCN1_YEAST,DCN1,Defective in cullin neddylation protein 1,54,0,0.0,,13,86.66666666666667,13.073016493732949,22,81.48148148148148,21.82439428801274,19,70.37037037037037,27.139636807809108
Q12443,Q12443,RTN2_YEAST,RTN2,Reticulon-like protein 2,63,0,0.0,,13,86.66666666666667,14.066784540944834,26,96.29629629629629,62.07929094997202,24,88.88888888888889,72.3724506099266
Q12449,Q12449,AHA1_YEAST,AHA1,Hsp90 co-chaperone AHA1,69,0,0.0,,15,100.0,15.165238160808029,27,100.0,43.76866604597424,27,100.0,75.55922571526396
Q12458,Q12458,YPR1_YEAST,YPR1,Aldehyde reductase YPR1,58,0,0.0,,14,93.33333333333333,21.648061743679737,23,85.18518518518519,40.15699816419752,21,77.77777777777777,65.37196053203998
Q12497,Q12497,FMP16_YEAST,FMP16,"Protein FMP16, mitochondrial",69,0,0.0,,15,100.0,9.1545355642842,27,100.0,53.428949730980236,27,100.0,73.94882370481463
Q12680,Q12680,GLT1_YEAST,GLT1,Glutamate synthase [NADH],18,0,0.0,,5,33.333333333333336,,8,29.62962962962963,,5,18.51851851851852,
Q3E764,Q3E764,TMA7_YEAST,TMA7,Translation machinery-associated protein 7,28,0,0.0,,2,13.333333333333334,,16,59.25925925925926,,10,37.03703703703704,
Q3E841,Q3E841,YN034_YEAST,YNR034W-A,Uncharacterized protein YNR034W-A,46,0,0.0,,9,60.0,,22,81.48148148148148,43.9922694892085,15,55.55555555555556,
Q6Q546,Q6Q546,HUB1_YEAST,HUB1,Ubiquitin-like modifier HUB1,12,0,0.0,,1,6.666666666666667,,7,25.925925925925927,,4,14.814814814814815,
Q92325,Q92325,LAG2_YEAST,LAG2,Cullin-associated NEDD8-dissociated protein 1 homolog,16,0,0.0,,3,20.0,,9,33.333333333333336,,4,14.814814814814815,
